x0,y0,z0,x1,y1,z1,x2,y2,z2,x3,y3,z3,x4,y4,z4,x5,y5,z5,x6,y6,z6,x7,y7,z7,x8,y8,z8,x9,y9,z9,x10,y10,z10,x11,y11,z11,x12,y12,z12,x13,y13,z13,x14,y14,z14,x15,y15,z15,x16,y16,z16,x17,y17,z17,x18,y18,z18,x19,y19,z19,x20,y20,z20,label
0.2595505714416504,0.7811307907104492,-8.154304396157386e-07,0.33910173177719116,0.6027455925941467,0.0011003619292750955,0.4395827651023865,0.47987931966781616,-0.016510307788848877,0.5145043134689331,0.35900047421455383,-0.03424979746341705,0.5375394225120544,0.242588609457016,-0.047370005398988724,0.5849550366401672,0.6167232990264893,-0.0271953996270895,0.6970536708831787,0.5806168913841248,-0.017838099971413612,0.6424631476402283,0.566841185092926,-0.005060064606368542,0.5874013900756836,0.5705970525741577,0.002359644277021289,0.5880469679832458,0.7459401488304138,-0.028570979833602905,0.681549072265625,0.6905003786087036,-0.006305193994194269,0.6330245137214661,0.6676795482635498,0.010202083736658096,0.585020899772644,0.6766011714935303,0.01202224288135767,0.5665801763534546,0.8535636067390442,-0.024301493540406227,0.6487944722175598,0.7923876643180847,0.0018818218959495425,0.6114197373390198,0.7708348035812378,0.024494439363479614,0.5624832510948181,0.7770956754684448,0.028281131759285927,0.540206789970398,0.9423749446868896,-0.018735842779278755,0.6190671324729919,0.886494517326355,0.0063380347564816475,0.5888620615005493,0.861028790473938,0.035422053188085556,0.5454425811767578,0.8680941462516785,0.05140957236289978,thumbs_up
0.1885821670293808,0.7208411693572998,5.6903662226659435e-08,0.2361435741186142,0.5585604906082153,-0.025293748825788498,0.3097603917121887,0.3792787790298462,-0.08542722463607788,0.32853397727012634,0.23880967497825623,-0.13748474419116974,0.3131396472454071,0.1093960702419281,-0.18196997046470642,0.3142508268356323,0.4807468056678772,-0.2165013998746872,0.5388190746307373,0.4367966949939728,-0.27513524889945984,0.5542946457862854,0.45128607749938965,-0.26124030351638794,0.5042275786399841,0.46818044781684875,-0.23722006380558014,0.3088114261627197,0.622109591960907,-0.23108598589897156,0.5583235621452332,0.5741856098175049,-0.29085904359817505,0.5194498300552368,0.57343989610672,-0.24720630049705505,0.44181957840919495,0.5797513723373413,-0.2093929648399353,0.31439077854156494,0.7491223812103271,-0.23712775111198425,0.5382117033004761,0.7019299268722534,-0.26756519079208374,0.4891640841960907,0.6921724081039429,-0.19817160069942474,0.41320157051086426,0.692895770072937,-0.15023945271968842,0.32329195737838745,0.8565605878829956,-0.24392098188400269,0.4938148260116577,0.814915657043457,-0.25022995471954346,0.4582929313182831,0.7937160730361938,-0.20030517876148224,0.39265167713165283,0.7899867296218872,-0.16597500443458557,thumbs_up
0.32878124713897705,0.7227542996406555,-6.412467996597115e-07,0.3473389744758606,0.5553738474845886,-0.07216805964708328,0.315467894077301,0.39743489027023315,-0.11374923586845398,0.2783825397491455,0.2752363979816437,-0.14534489810466766,0.22994759678840637,0.15813806653022766,-0.17356660962104797,0.2013247013092041,0.4870845675468445,-0.14687404036521912,0.3870258927345276,0.4727568030357361,-0.21859358251094818,0.4289068579673767,0.4988994002342224,-0.2531605660915375,0.3921378552913666,0.5270026922225952,-0.27452555298805237,0.1725691854953766,0.6342354416847229,-0.1406724452972412,0.4055454730987549,0.6084087491035461,-0.18858008086681366,0.42171648144721985,0.6130303740501404,-0.19169068336486816,0.36375680565834045,0.6320992708206177,-0.20387691259384155,0.18038848042488098,0.7625991702079773,-0.13865509629249573,0.3932218551635742,0.7363266348838806,-0.18062999844551086,0.4079188406467438,0.7260254621505737,-0.15710322558879852,0.3529871106147766,0.7313233017921448,-0.14711888134479523,0.20440402626991272,0.8786106705665588,-0.14628297090530396,0.36968183517456055,0.8507029414176941,-0.1865413933992386,0.39166003465652466,0.8263293504714966,-0.18204766511917114,0.35855311155319214,0.8313606977462769,-0.1774122714996338,thumbs_up
0.5444996356964111,0.9087582230567932,-9.661173407948809e-07,0.5497669577598572,0.671684205532074,-0.04403940588235855,0.6164566874504089,0.47460588812828064,-0.06953835487365723,0.6796694993972778,0.3092127740383148,-0.08328302204608917,0.7051343321800232,0.1798812747001648,-0.09076486527919769,0.8518981337547302,0.5603331327438354,-0.04310831055045128,0.8428191542625427,0.431232213973999,-0.017666637897491455,0.76784747838974,0.4623887836933136,-0.0021301512606441975,0.7236862778663635,0.5220860242843628,0.002894737059250474,0.8944190144538879,0.6794365048408508,-0.01521011907607317,0.8462048768997192,0.5551236867904663,0.01735762692987919,0.7787399888038635,0.5716750621795654,0.022638823837041855,0.7423432469367981,0.6275925636291504,0.01346578635275364,0.8890345096588135,0.7875228524208069,0.016920674592256546,0.8446480631828308,0.6766234040260315,0.043972186744213104,0.7925820350646973,0.6826539039611816,0.04651486501097679,0.7506003379821777,0.7277618646621704,0.03559244051575661,0.8704394698143005,0.8744430541992188,0.04733707755804062,0.8451048731803894,0.7805683612823486,0.06272460520267487,0.7971557378768921,0.7863368391990662,0.07215554267168045,0.7606849074363708,0.8229397535324097,0.07603946328163147,thumbs_up
0.4632153809070587,0.8730694055557251,-8.814633360998414e-07,0.5029783248901367,0.6520386338233948,-0.02377188205718994,0.5792653560638428,0.4782170355319977,-0.057614196091890335,0.6495994329452515,0.31768617033958435,-0.08708684891462326,0.675730288028717,0.18268775939941406,-0.11000846326351166,0.792653501033783,0.5712963938713074,-0.056216247379779816,0.8831075429916382,0.4689631462097168,-0.05744634196162224,0.8229241371154785,0.48394575715065,-0.050643403083086014,0.7637900710105896,0.5189316868782043,-0.046044815331697464,0.8330131769180298,0.7130342125892639,-0.046254418790340424,0.8908842206001282,0.6040106415748596,-0.034749578684568405,0.8301365971565247,0.6039587259292603,-0.02322784811258316,0.7769531011581421,0.6328138709068298,-0.02301231399178505,0.8336874842643738,0.838880717754364,-0.031733203679323196,0.8685463666915894,0.7402501106262207,-0.01503404974937439,0.8211307525634766,0.7363529801368713,0.00214926665648818,0.7680777907371521,0.7601922750473022,0.003787820693105459,0.821916937828064,0.9468525052070618,-0.01763310097157955,0.8479819297790527,0.8605218529701233,-0.0016882631462067366,0.8029128909111023,0.84836745262146,0.020345356315374374,0.7583608627319336,0.8648484349250793,0.03382847458124161,thumbs_up
0.44591811299324036,0.88008713722229,-8.945559102357947e-07,0.483393132686615,0.6601038575172424,-0.012660112231969833,0.561262845993042,0.47495871782302856,-0.0486031137406826,0.6170609593391418,0.31564223766326904,-0.07952611893415451,0.6341099143028259,0.17439520359039307,-0.10432078689336777,0.6989765763282776,0.5916975736618042,-0.11978662014007568,0.8963253498077393,0.47718101739883423,-0.1414407342672348,0.8331509232521057,0.48933061957359314,-0.1282418668270111,0.7607899904251099,0.5191989541053772,-0.11278820037841797,0.7430667877197266,0.7412697076797485,-0.12108602374792099,0.9206523299217224,0.6137632131576538,-0.13085170090198517,0.8518427610397339,0.6107625365257263,-0.10509005934000015,0.7862769961357117,0.6408891081809998,-0.08979406952857971,0.7580671906471252,0.8697205185890198,-0.11352360993623734,0.9051281213760376,0.7546335458755493,-0.1080595999956131,0.8466718196868896,0.7494192719459534,-0.06757031381130219,0.7883070707321167,0.7779561877250671,-0.047634582966566086,0.7600257396697998,0.9732884764671326,-0.10417073220014572,0.8704707026481628,0.8773943185806274,-0.09157120436429977,0.8215020895004272,0.8634048700332642,-0.05250005051493645,0.772350549697876,0.8898091316223145,-0.027673345059156418,thumbs_up
0.33320415019989014,0.8407277464866638,-8.503718618158018e-07,0.3717110753059387,0.6198835372924805,-0.028944609686732292,0.44123804569244385,0.42256420850753784,-0.07209785282611847,0.508448600769043,0.26666396856307983,-0.10635153204202652,0.5769647359848022,0.16159871220588684,-0.1303088515996933,0.5909590125083923,0.5396517515182495,-0.13390856981277466,0.7890269160270691,0.43151402473449707,-0.15810245275497437,0.7309536933898926,0.4308103322982788,-0.14167878031730652,0.6594182848930359,0.4580920338630676,-0.12308482825756073,0.6295978426933289,0.6987510919570923,-0.13004031777381897,0.8168143630027771,0.5712260007858276,-0.14401833713054657,0.7488567233085632,0.5569034218788147,-0.11645317822694778,0.6790199875831604,0.5842896699905396,-0.09825576841831207,0.6430789828300476,0.8354194164276123,-0.11920169740915298,0.8026108145713806,0.7147401571273804,-0.11975120007991791,0.7422760725021362,0.7006362080574036,-0.07699178904294968,0.6780325174331665,0.7298933267593384,-0.05335189029574394,0.6443622708320618,0.9510033130645752,-0.10803402960300446,0.7678007483482361,0.8510327339172363,-0.10499336570501328,0.7192142605781555,0.8268793821334839,-0.0689038634300232,0.6653429269790649,0.8513760566711426,-0.04317066818475723,thumbs_up
0.3570946753025055,0.8182342648506165,-2.483203900283115e-07,0.41195499897003174,0.6289569139480591,-0.028998497873544693,0.503713071346283,0.41598641872406006,-0.08994291722774506,0.5341432094573975,0.261474609375,-0.13945887982845306,0.5380715131759644,0.11870354413986206,-0.1752074956893921,0.504565417766571,0.5142255425453186,-0.2492564469575882,0.7670794725418091,0.4499552249908447,-0.3239079415798187,0.7401803731918335,0.5022410750389099,-0.31087568402290344,0.650147020816803,0.5371364951133728,-0.2849428057670593,0.5007562041282654,0.6746218204498291,-0.26679396629333496,0.7976053357124329,0.6192688941955566,-0.35330119729042053,0.7353593111038208,0.6481109261512756,-0.3124433755874634,0.6297289133071899,0.663087785243988,-0.2728363871574402,0.5069032907485962,0.8276792764663696,-0.27479520440101624,0.7782353162765503,0.7858821153640747,-0.3275619447231293,0.7120015621185303,0.789675235748291,-0.25040164589881897,0.619157612323761,0.7922888994216919,-0.19239525496959686,0.5132408142089844,0.9629942178726196,-0.2824013829231262,0.7229112386703491,0.9248601198196411,-0.30124804377555847,0.6749027371406555,0.9136092662811279,-0.24510708451271057,0.5913312435150146,0.9124218225479126,-0.20410078763961792,thumbs_up
0.42318543791770935,0.8024794459342957,-4.7548277848363796e-07,0.4674346148967743,0.5709711909294128,-0.06762220710515976,0.49076059460639954,0.38010311126708984,-0.11366572976112366,0.4901192784309387,0.25068399310112,-0.1532805860042572,0.47649329900741577,0.09585747122764587,-0.18692463636398315,0.39789441227912903,0.46977677941322327,-0.14313943684101105,0.6553155183792114,0.44947293400764465,-0.22483354806900024,0.6572485566139221,0.5102948546409607,-0.2703506648540497,0.58560711145401,0.5335403084754944,-0.30268871784210205,0.37669676542282104,0.6435755491256714,-0.1520603746175766,0.6664411425590515,0.6247377395629883,-0.21394148468971252,0.6300990581512451,0.6469845771789551,-0.2270134687423706,0.5429155230522156,0.6518877744674683,-0.2527603805065155,0.38144296407699585,0.801406741142273,-0.16607032716274261,0.6459493041038513,0.7850245237350464,-0.22104646265506744,0.6025787591934204,0.788421630859375,-0.20528316497802734,0.5150185227394104,0.7678038477897644,-0.20541389286518097,0.4012329578399658,0.9277706146240234,-0.1887843757867813,0.6069549918174744,0.9395363926887512,-0.23475418984889984,0.5775499939918518,0.9211704134941101,-0.23464587330818176,0.4964558780193329,0.9047836065292358,-0.24020202457904816,thumbs_up
0.46801626682281494,0.6770130395889282,-3.108378336946771e-07,0.49097201228141785,0.5477992296218872,-0.06032302603125572,0.4905228912830353,0.4169837236404419,-0.09552184492349625,0.4791625142097473,0.3173670470714569,-0.1222631111741066,0.45782408118247986,0.21640929579734802,-0.14729732275009155,0.41447314620018005,0.48805907368659973,-0.12048286944627762,0.5720873475074768,0.5102291107177734,-0.17812015116214752,0.5801239013671875,0.5308668613433838,-0.21140702068805695,0.5349273681640625,0.5417895913124084,-0.23425611853599548,0.38873744010925293,0.6072945594787598,-0.11541459709405899,0.5752540826797485,0.6242635846138,-0.1522102952003479,0.5633403062820435,0.6165339946746826,-0.15843917429447174,0.5031464695930481,0.6173920631408691,-0.173953115940094,0.3887470066547394,0.7116928100585938,-0.11357030272483826,0.5541166067123413,0.7233991622924805,-0.14632204174995422,0.545440673828125,0.7077866792678833,-0.1304953545331955,0.49118390679359436,0.6988693475723267,-0.12641753256320953,0.39901405572891235,0.8023015856742859,-0.119764044880867,0.52631676197052,0.8033863306045532,-0.1518913209438324,0.5282223224639893,0.7827339172363281,-0.1494743824005127,0.49305421113967896,0.7799075841903687,-0.14844772219657898,thumbs_up
0.4486985206604004,0.691198468208313,-4.600936733822891e-07,0.45433852076530457,0.5775207877159119,-0.06980094313621521,0.40984195470809937,0.48174363374710083,-0.10890273749828339,0.3731241524219513,0.41101038455963135,-0.13875947892665863,0.3358169198036194,0.33913031220436096,-0.16460414230823517,0.30175188183784485,0.5777908563613892,-0.10993383079767227,0.3765972852706909,0.5695330500602722,-0.1661936491727829,0.4263453483581543,0.5684490203857422,-0.1925572156906128,0.43333199620246887,0.583044171333313,-0.20646461844444275,0.2878323495388031,0.6805567741394043,-0.09779904782772064,0.3895433247089386,0.6773622035980225,-0.14569760859012604,0.44160905480384827,0.6497732996940613,-0.15025170147418976,0.44484972953796387,0.6354740858078003,-0.15287566184997559,0.30270421504974365,0.7658321857452393,-0.09092960506677628,0.3967396914958954,0.7702669501304626,-0.1355152130126953,0.44707411527633667,0.7255126237869263,-0.12226293981075287,0.45298588275909424,0.6901739239692688,-0.11054462939500809,0.3296848237514496,0.837346613407135,-0.09138472378253937,0.4017758369445801,0.8469471335411072,-0.12367675453424454,0.44296491146087646,0.8066415786743164,-0.11855530738830566,0.44973790645599365,0.7712274193763733,-0.11082480847835541,thumbs_up
0.39639565348625183,0.7303208708763123,-5.390967316998285e-07,0.40231117606163025,0.6132328510284424,-0.0678856149315834,0.34295737743377686,0.5015645027160645,-0.09837596118450165,0.28346070647239685,0.4297725558280945,-0.1208667904138565,0.23396193981170654,0.3584578037261963,-0.13580738008022308,0.2003459930419922,0.5598490834236145,-0.06926427036523819,0.2352330982685089,0.5612362623214722,-0.1264605075120926,0.30099353194236755,0.5754261016845703,-0.1521642506122589,0.29943954944610596,0.5863339900970459,-0.16643761098384857,0.17621344327926636,0.6646798849105835,-0.060757510364055634,0.23740848898887634,0.6706979274749756,-0.1156945526599884,0.31530147790908813,0.6622262001037598,-0.12281182408332825,0.30987098813056946,0.6585303544998169,-0.12296665459871292,0.18536345660686493,0.7643197774887085,-0.061742644757032394,0.24315467476844788,0.7757996916770935,-0.11954043805599213,0.31917253136634827,0.746526837348938,-0.10719924420118332,0.3198213577270508,0.7244196534156799,-0.09241973608732224,0.2105310559272766,0.8524360656738281,-0.06932675838470459,0.26935455203056335,0.860782265663147,-0.11045213043689728,0.33021804690361023,0.8237946033477783,-0.10715685039758682,0.33776506781578064,0.7940889596939087,-0.09867805242538452,thumbs_up
0.15258851647377014,0.7965255379676819,-1.5036415845770534e-07,0.17427532374858856,0.6617100834846497,-0.038231950253248215,0.23520036041736603,0.5082719922065735,-0.08530139178037643,0.24618764221668243,0.40401625633239746,-0.12186583876609802,0.22230975329875946,0.29984864592552185,-0.14996382594108582,0.21018952131271362,0.5843514204025269,-0.17577244341373444,0.3912299871444702,0.5436291694641113,-0.2362412065267563,0.357578843832016,0.5649349689483643,-0.24545328319072723,0.2916983366012573,0.5801491141319275,-0.2422560751438141,0.20815259218215942,0.7011555433273315,-0.17989598214626312,0.40913376212120056,0.6556826233863831,-0.24029886722564697,0.35795485973358154,0.6631811261177063,-0.2214326709508896,0.28749385476112366,0.6778573393821716,-0.20462249219417572,0.2204056680202484,0.804654598236084,-0.1801724135875702,0.3984047472476959,0.7614359855651855,-0.21285653114318848,0.3482400178909302,0.7557333707809448,-0.1656901240348816,0.28639328479766846,0.765425443649292,-0.13341405987739563,0.23464620113372803,0.8922479748725891,-0.1827373504638672,0.3732977509498596,0.8422393798828125,-0.18964779376983643,0.33600127696990967,0.8278183937072754,-0.15398606657981873,0.27788567543029785,0.8373479843139648,-0.13146089017391205,thumbs_up
0.17861346900463104,0.8478208184242249,-7.575338258902775e-07,0.21835577487945557,0.6680124998092651,-0.010130147449672222,0.29355931282043457,0.5438542366027832,-0.027201594784855843,0.3646319508552551,0.44314026832580566,-0.03938039764761925,0.40195098519325256,0.34871000051498413,-0.04433565214276314,0.42238399386405945,0.6407445669174194,-0.056603867560625076,0.5403202772140503,0.5533046722412109,-0.050625547766685486,0.4925997853279114,0.5375592708587646,-0.0262924674898386,0.44456353783607483,0.5537314414978027,-0.007957302033901215,0.4475080668926239,0.751285195350647,-0.050580840557813644,0.5555100440979004,0.6448282599449158,-0.04481947794556618,0.5052232146263123,0.6199817657470703,-0.02269415371119976,0.46205517649650574,0.6379294991493225,-0.009780422784388065,0.44755443930625916,0.8425670266151428,-0.038438182324171066,0.5382731556892395,0.7413267493247986,-0.02823142521083355,0.4994080066680908,0.7149037718772888,-0.0020382001530379057,0.4570768475532532,0.7305605411529541,0.011120825074613094,0.4394969046115875,0.9141942262649536,-0.024894485250115395,0.5155093669891357,0.8264506459236145,-0.011666183359920979,0.48636239767074585,0.7969154119491577,0.013578238897025585,0.4501091539859772,0.8091848492622375,0.030545303598046303,thumbs_up
0.3501359224319458,0.7702348232269287,-4.7624985199945513e-07,0.384164959192276,0.6249404549598694,-0.023074565455317497,0.45127272605895996,0.5011498332023621,-0.06306247413158417,0.4866349399089813,0.3989461064338684,-0.09444039314985275,0.4997139573097229,0.29467856884002686,-0.11935350298881531,0.4884633719921112,0.5948405861854553,-0.16164109110832214,0.6661908626556396,0.5547361969947815,-0.19559921324253082,0.6178389191627502,0.5555750131607056,-0.1787375956773758,0.5556109547615051,0.5626381039619446,-0.15884335339069366,0.4969475269317627,0.7157842516899109,-0.16382084786891937,0.6811319589614868,0.653845489025116,-0.20204989612102509,0.6270313262939453,0.6396805047988892,-0.17326785624027252,0.5640807747840881,0.6493767499923706,-0.14876607060432434,0.502199649810791,0.8149467706680298,-0.15814092755317688,0.6656141877174377,0.7584429383277893,-0.17483003437519073,0.615731954574585,0.740890383720398,-0.12645545601844788,0.5612502098083496,0.7490391135215759,-0.09464315325021744,0.5053645372390747,0.892296314239502,-0.15226297080516815,0.6275286674499512,0.8515925407409668,-0.15530607104301453,0.5942619442939758,0.8238620162010193,-0.11955202370882034,0.5476809740066528,0.8246263265609741,-0.09532078355550766,thumbs_up
0.34404611587524414,0.74675452709198,3.334442055802356e-08,0.37979692220687866,0.6155753135681152,-0.04309243708848953,0.4269297122955322,0.4853673577308655,-0.10137925297021866,0.42367514967918396,0.39206185936927795,-0.14721092581748962,0.3959648609161377,0.2902367413043976,-0.18479956686496735,0.37541839480400085,0.5866889953613281,-0.21651408076286316,0.5561593770980835,0.5551682710647583,-0.28680136799812317,0.5422755479812622,0.5643607974052429,-0.2962270677089691,0.47944092750549316,0.5791844129562378,-0.29282405972480774,0.36774760484695435,0.7089754343032837,-0.22223970293998718,0.5707278251647949,0.6709755659103394,-0.29576119780540466,0.5315930247306824,0.6720434427261353,-0.2758963406085968,0.4643014669418335,0.682430624961853,-0.26138171553611755,0.3811274468898773,0.812005877494812,-0.22237716615200043,0.5662751793861389,0.7749358415603638,-0.2650717794895172,0.5251516103744507,0.7606798410415649,-0.21656954288482666,0.46500495076179504,0.7671365141868591,-0.1856643110513687,0.3960389494895935,0.8950457572937012,-0.22490370273590088,0.5391426086425781,0.8584190607070923,-0.2377254217863083,0.5086199641227722,0.8371073007583618,-0.203755185008049,0.4521060883998871,0.8408640027046204,-0.18482117354869843,thumbs_up
0.24753251671791077,0.7940893173217773,-7.74125339830789e-07,0.3004663586616516,0.6194770336151123,-0.0059893992729485035,0.3888295292854309,0.4934316575527191,-0.027835186570882797,0.45972585678100586,0.3863627314567566,-0.04644643887877464,0.49135318398475647,0.2838088870048523,-0.05999046564102173,0.49302124977111816,0.5884642004966736,-0.07346910983324051,0.6352097392082214,0.5395551919937134,-0.081809863448143,0.5824012160301208,0.530441403388977,-0.06831307709217072,0.5261958837509155,0.5429077744483948,-0.05609413608908653,0.5120505690574646,0.7112518548965454,-0.07521428912878036,0.6444962024688721,0.6424288153648376,-0.07233509421348572,0.5911957025527954,0.623445987701416,-0.05045374482870102,0.5404178500175476,0.6386229395866394,-0.03982328996062279,0.510085940361023,0.8164099454879761,-0.07064519077539444,0.6232807636260986,0.7439298033714294,-0.059199489653110504,0.5791841149330139,0.7248493432998657,-0.028705021366477013,0.5306705236434937,0.7386981248855591,-0.01592240110039711,0.5015285015106201,0.9019649028778076,-0.06494222581386566,0.5874379873275757,0.8349292874336243,-0.05121581628918648,0.5534987449645996,0.8142144680023193,-0.02326788194477558,0.5147659182548523,0.828331470489502,-0.006609068252146244,thumbs_up
0.3331705927848816,0.7735587954521179,-4.0397327438768116e-07,0.3627583384513855,0.620046854019165,-0.024575354531407356,0.42398548126220703,0.48545849323272705,-0.07152864336967468,0.4369191825389862,0.3752675950527191,-0.10665223002433777,0.4296317398548126,0.26718375086784363,-0.1331438273191452,0.4273695945739746,0.5827993750572205,-0.2113708108663559,0.6241996884346008,0.5310312509536743,-0.24783137440681458,0.5761640071868896,0.5453335642814636,-0.21609143912792206,0.5075474977493286,0.5591526031494141,-0.18511678278446198,0.4357298016548157,0.7120420932769775,-0.215597003698349,0.643391489982605,0.642846405506134,-0.26496708393096924,0.5871177911758423,0.6366011500358582,-0.22129768133163452,0.5168824791908264,0.6474505066871643,-0.18603146076202393,0.44891583919525146,0.8152047991752625,-0.2091011106967926,0.6329720616340637,0.7487122416496277,-0.23175644874572754,0.5776394605636597,0.7392861247062683,-0.1661657691001892,0.5160222053527832,0.7490239143371582,-0.1233305111527443,0.4601251780986786,0.8941195011138916,-0.20215091109275818,0.5982905030250549,0.8470038175582886,-0.20564958453178406,0.5601962804794312,0.8269569873809814,-0.15997663140296936,0.5053107738494873,0.8311307430267334,-0.13049952685832977,thumbs_up
0.4103350043296814,0.7521179914474487,-6.090723445595358e-07,0.42116066813468933,0.6071344017982483,-0.07906614243984222,0.3477492928504944,0.45642322301864624,-0.11030131578445435,0.2697139084339142,0.36931705474853516,-0.1309189796447754,0.21590960025787354,0.28331324458122253,-0.14013756811618805,0.18963778018951416,0.5147942304611206,-0.06953246891498566,0.18569135665893555,0.5497629642486572,-0.1256236732006073,0.2705286145210266,0.5742003321647644,-0.14344269037246704,0.2887071669101715,0.5664300322532654,-0.14983491599559784,0.15558937191963196,0.6271230578422546,-0.054432302713394165,0.1829792559146881,0.6746211647987366,-0.11017940938472748,0.2857932448387146,0.6746941804885864,-0.10901780426502228,0.2849522531032562,0.6438860297203064,-0.0996265709400177,0.15666230022907257,0.7335558533668518,-0.050530221313238144,0.17731551826000214,0.7825294137001038,-0.11284080147743225,0.2735586166381836,0.7671593427658081,-0.08856139332056046,0.275357186794281,0.7227841019630432,-0.061469703912734985,0.17073655128479004,0.8321516513824463,-0.05356729403138161,0.17461930215358734,0.8772987127304077,-0.09364472329616547,0.24439691007137299,0.8591676950454712,-0.0768912211060524,0.257331907749176,0.8229241967201233,-0.05588013678789139,thumbs_up
0.38360175490379333,0.7386434078216553,-5.967855258859345e-07,0.3913727104663849,0.5851039290428162,-0.08558639883995056,0.3206610083580017,0.4444676637649536,-0.12252754718065262,0.2591128945350647,0.3543813228607178,-0.14820660650730133,0.2046036720275879,0.2626346945762634,-0.1655641794204712,0.1654631793498993,0.5459325909614563,-0.09726351499557495,0.2426711916923523,0.5721999406814575,-0.16295315325260162,0.3087569773197174,0.5841178894042969,-0.19354471564292908,0.3146544098854065,0.5854318141937256,-0.2076582908630371,0.13350510597229004,0.6653292179107666,-0.07974255084991455,0.24549271166324615,0.7046417593955994,-0.13677017390727997,0.31075459718704224,0.6817900538444519,-0.1439988911151886,0.3065474331378937,0.6531782150268555,-0.14530839025974274,0.13794901967048645,0.7704751491546631,-0.07257441431283951,0.24327294528484344,0.8126041889190674,-0.13129091262817383,0.3116903603076935,0.7712206840515137,-0.12260106950998306,0.3162861466407776,0.7259493470191956,-0.109602190554142,0.1574597954750061,0.8598619103431702,-0.07404884696006775,0.22556833922863007,0.891350507736206,-0.11413194984197617,0.28497329354286194,0.8640457391738892,-0.11119678616523743,0.3012393116950989,0.8327305316925049,-0.10193216800689697,thumbs_up
0.2647404074668884,0.7268301844596863,-8.321699596081089e-08,0.3036453127861023,0.6017724871635437,-0.08535119146108627,0.30113089084625244,0.47049441933631897,-0.13324056565761566,0.27703359723091125,0.3683445453643799,-0.1667451411485672,0.2334221750497818,0.2711547315120697,-0.19732950627803802,0.2011197805404663,0.5558385848999023,-0.16064195334911346,0.37845250964164734,0.5982359647750854,-0.22331956028938293,0.35388877987861633,0.5845701694488525,-0.2589516043663025,0.3014744818210602,0.5643928647041321,-0.2848196029663086,0.16851022839546204,0.6948874592781067,-0.1425958275794983,0.39232879877090454,0.7233844995498657,-0.18453986942768097,0.34963008761405945,0.6943680047988892,-0.1867079734802246,0.2848646640777588,0.6769065260887146,-0.19967491924762726,0.16613651812076569,0.8097085952758789,-0.12813954055309296,0.3713698983192444,0.8336877822875977,-0.16234169900417328,0.34022173285484314,0.802651584148407,-0.13690482079982758,0.2789613604545593,0.7771226167678833,-0.12535199522972107,0.17992474138736725,0.9110792875289917,-0.12555626034736633,0.33122360706329346,0.9189237952232361,-0.16131296753883362,0.3126615285873413,0.8876526355743408,-0.15947583317756653,0.26269251108169556,0.8665041923522949,-0.15764765441417694,thumbs_up
0.17282938957214355,0.8006782531738281,-4.6012866050659795e-07,0.2057064175605774,0.6408865451812744,-0.022746598348021507,0.2817450761795044,0.4791335463523865,-0.06476166099309921,0.3046705424785614,0.35983818769454956,-0.09689456969499588,0.2923738658428192,0.2458460032939911,-0.12029627710580826,0.29558512568473816,0.5719224810600281,-0.18768583238124847,0.5009207725524902,0.5268521904945374,-0.2312985509634018,0.4525921940803528,0.54201340675354,-0.2133510410785675,0.3805060088634491,0.5548455119132996,-0.1910596638917923,0.3008226752281189,0.705536961555481,-0.19547529518604279,0.5174518823623657,0.6464097499847412,-0.24190960824489594,0.4586479663848877,0.6442846655845642,-0.20378170907497406,0.38099929690361023,0.6578063368797302,-0.17296196520328522,0.30965232849121094,0.8201466798782349,-0.1952448934316635,0.5023220181465149,0.760446310043335,-0.21829769015312195,0.4429977238178253,0.7536152601242065,-0.15727394819259644,0.37359365820884705,0.7661463022232056,-0.11626628786325455,0.31649959087371826,0.9162390232086182,-0.19496174156665802,0.46592381596565247,0.8665083646774292,-0.19871753454208374,0.42294299602508545,0.8479905128479004,-0.15501093864440918,0.36083051562309265,0.8552068471908569,-0.12621593475341797,thumbs_up
0.1352245956659317,0.7649648189544678,-7.793899499120016e-07,0.17882396280765533,0.5832251310348511,-0.010875570587813854,0.2605922818183899,0.437687486410141,-0.039198487997055054,0.3136385381221771,0.3148667514324188,-0.06324270367622375,0.3204367458820343,0.2006518840789795,-0.08166999369859695,0.34544190764427185,0.5399636030197144,-0.1018884927034378,0.5157301425933838,0.4776458740234375,-0.1232701912522316,0.4552156925201416,0.47227466106414795,-0.11219986528158188,0.3903965353965759,0.48664936423301697,-0.09882839769124985,0.36854082345962524,0.6700546145439148,-0.10576365888118744,0.5262911915779114,0.582068920135498,-0.11825396865606308,0.46625402569770813,0.5645402669906616,-0.09542211890220642,0.40861785411834717,0.5866374969482422,-0.08040723204612732,0.37554576992988586,0.7793645858764648,-0.10315366089344025,0.5102607607841492,0.6894338726997375,-0.10224203765392303,0.4603268504142761,0.6691908240318298,-0.06601212918758392,0.40914589166641235,0.6907610893249512,-0.04607120528817177,0.37621811032295227,0.8665722012519836,-0.09951680153608322,0.48274773359298706,0.78413987159729,-0.09078744053840637,0.4455830752849579,0.7612206935882568,-0.057800423353910446,0.4020210802555084,0.7823542356491089,-0.03650788962841034,thumbs_up
0.2563434839248657,0.7571786046028137,-1.6868564500782668e-07,0.3053354024887085,0.6027788519859314,-0.03632529079914093,0.39537152647972107,0.4436899423599243,-0.09262078255414963,0.424551397562027,0.32760605216026306,-0.13566116988658905,0.4222332835197449,0.20107606053352356,-0.16778846085071564,0.3621840476989746,0.5265993475914001,-0.23424479365348816,0.5757696032524109,0.517921507358551,-0.2966691255569458,0.5417758822441101,0.5337413549423218,-0.2844946086406708,0.4643799364566803,0.5365921854972839,-0.26394036412239075,0.34828630089759827,0.6605349183082581,-0.24200129508972168,0.5882801413536072,0.6435806751251221,-0.3135022819042206,0.533433198928833,0.6419826149940491,-0.2754726707935333,0.4495229125022888,0.6446717977523804,-0.24289700388908386,0.3510473966598511,0.7809498310089111,-0.24169351160526276,0.5634142160415649,0.7591584920883179,-0.2802247405052185,0.5069896578788757,0.7467041015625,-0.21187978982925415,0.4326283931732178,0.7492771148681641,-0.1644938737154007,0.3574712574481964,0.8829406499862671,-0.2427898496389389,0.5254215002059937,0.8568869233131409,-0.2525739371776581,0.48510751128196716,0.8331719636917114,-0.20651070773601532,0.41505366563796997,0.8324023485183716,-0.17622528970241547,thumbs_up
0.6454800367355347,0.7907922267913818,-5.664009563588479e-07,0.6556445360183716,0.6535398364067078,-0.08869629353284836,0.6057069897651672,0.5422189235687256,-0.13424542546272278,0.5499005913734436,0.47324898838996887,-0.16598506271839142,0.4931128919124603,0.39189866185188293,-0.19041374325752258,0.47635242342948914,0.660433292388916,-0.13426201045513153,0.5747265815734863,0.6748747825622559,-0.1975512057542801,0.6297469139099121,0.6592435836791992,-0.22298109531402588,0.6254124641418457,0.6543700695037842,-0.23577812314033508,0.4609236717224121,0.7769595384597778,-0.11501824855804443,0.598823070526123,0.803769588470459,-0.17102964222431183,0.6542284488677979,0.7604506015777588,-0.17097821831703186,0.6441277861595154,0.7254823446273804,-0.1699695736169815,0.47863855957984924,0.8741880655288696,-0.10318494588136673,0.597720742225647,0.9015646576881409,-0.15824054181575775,0.6510289907455444,0.8428311944007874,-0.14242033660411835,0.6505420804023743,0.7900680899620056,-0.1274692267179489,0.5096607208251953,0.9518076181411743,-0.10017808526754379,0.5818830132484436,0.9851167798042297,-0.14230912923812866,0.6244832277297974,0.9567397236824036,-0.14054545760154724,0.6318935751914978,0.9270909428596497,-0.13366807997226715,thumbs_up
0.6085447669029236,0.8469473123550415,-5.47328284028481e-07,0.6499533653259277,0.7242900729179382,-0.07289258390665054,0.62618088722229,0.5887207984924316,-0.10992366075515747,0.593532919883728,0.4935407340526581,-0.1360170543193817,0.5626922845840454,0.39395374059677124,-0.1562163382768631,0.493238627910614,0.6287309527397156,-0.11799627542495728,0.6035569906234741,0.7034779787063599,-0.17413033545017242,0.6448968052864075,0.7151674628257751,-0.19658595323562622,0.6244729161262512,0.6994214653968811,-0.20877636969089508,0.45380038022994995,0.7382874488830566,-0.10505370795726776,0.597091794013977,0.812890887260437,-0.15023382008075714,0.6369800567626953,0.803577184677124,-0.14800962805747986,0.6120151281356812,0.7765909433364868,-0.1492638885974884,0.4459582269191742,0.8428558707237244,-0.09825040400028229,0.5676335096359253,0.905873715877533,-0.13965222239494324,0.6109645366668701,0.8869158029556274,-0.1200169026851654,0.6005377769470215,0.8567097187042236,-0.10671216249465942,0.4516720175743103,0.9397646188735962,-0.0996062159538269,0.5277928113937378,0.9809774160385132,-0.12981338798999786,0.5571971535682678,0.9713514447212219,-0.12441566586494446,0.5503545999526978,0.9575734734535217,-0.11820147931575775,thumbs_up
0.5728934407234192,0.8371546268463135,-7.322606734305737e-07,0.6480108499526978,0.7305768132209778,-0.0585494227707386,0.6616234183311462,0.5751535296440125,-0.08518320322036743,0.6572552919387817,0.47111842036247253,-0.1051049456000328,0.6555593609809875,0.3647041320800781,-0.11931388080120087,0.5284560918807983,0.5477644801139832,-0.08552201092243195,0.6299532055854797,0.6245637536048889,-0.13956861197948456,0.6634730100631714,0.695391833782196,-0.16301898658275604,0.6324211359024048,0.697841227054596,-0.17707614600658417,0.45617446303367615,0.6279051899909973,-0.08143845200538635,0.5905823707580566,0.7413614988327026,-0.12406564503908157,0.6331620812416077,0.7843601107597351,-0.12540185451507568,0.6005442142486572,0.7579736709594727,-0.128205806016922,0.4190784692764282,0.7265902757644653,-0.08367247134447098,0.5403479933738708,0.8307396769523621,-0.12466966360807419,0.5872877240180969,0.8581397533416748,-0.1029876321554184,0.566112220287323,0.8354851603507996,-0.08800968527793884,0.39530616998672485,0.8227862119674683,-0.0932401791214943,0.4815945029258728,0.9014168381690979,-0.1227712407708168,0.5296506285667419,0.9130297899246216,-0.11201230436563492,0.526899516582489,0.8967740535736084,-0.10111813247203827,thumbs_up
0.60181725025177,0.8200725317001343,-3.8448564509963035e-07,0.632333517074585,0.6906857490539551,-0.07528963685035706,0.6053030490875244,0.5541406869888306,-0.11626600474119186,0.5694950222969055,0.4554983973503113,-0.14462654292583466,0.53394615650177,0.35569801926612854,-0.1663312315940857,0.47800570726394653,0.619465708732605,-0.13187915086746216,0.6099581718444824,0.691365122795105,-0.1865728199481964,0.6360971331596375,0.6780834794044495,-0.20644786953926086,0.6102159023284912,0.6501991152763367,-0.21748685836791992,0.44194430112838745,0.740351676940918,-0.1173403337597847,0.6121541261672974,0.8082507848739624,-0.15742981433868408,0.623525083065033,0.7773228883743286,-0.15102064609527588,0.5847049355506897,0.7481980323791504,-0.15146437287330627,0.43950513005256653,0.8496494293212891,-0.10821083933115005,0.5875682234764099,0.9082421064376831,-0.14396552741527557,0.6036803722381592,0.8755208253860474,-0.12020467221736908,0.5741528272628784,0.8448653817176819,-0.10577726364135742,0.4536115229129791,0.9487494230270386,-0.10816618800163269,0.5478110909461975,0.988988995552063,-0.1394972801208496,0.5604382753372192,0.9824439287185669,-0.13545137643814087,0.5404804348945618,0.981141209602356,-0.12987634539604187,thumbs_up
0.3530927896499634,0.7448882460594177,-6.917611585777195e-07,0.3957558870315552,0.5767417550086975,-0.015076329931616783,0.46270161867141724,0.43909361958503723,-0.04662271961569786,0.5209735631942749,0.3288959562778473,-0.07433617860078812,0.5690068006515503,0.24077260494232178,-0.09542052447795868,0.5756061673164368,0.5426674485206604,-0.08745699375867844,0.7231348156929016,0.49369335174560547,-0.10773251950740814,0.6745230555534363,0.48649704456329346,-0.10022350400686264,0.6161867380142212,0.49800002574920654,-0.08941463381052017,0.5922596454620361,0.6676115989685059,-0.09072816371917725,0.736223578453064,0.5974693894386292,-0.1005294993519783,0.6835176944732666,0.5802396535873413,-0.08227982372045517,0.6287941336631775,0.5953065156936646,-0.07078209519386292,0.5914470553398132,0.7749825716018677,-0.0893034040927887,0.7212890386581421,0.7062307000160217,-0.09055422991514206,0.6745624542236328,0.6873592734336853,-0.059354133903980255,0.6231441497802734,0.7016118764877319,-0.0422210656106472,0.5839040279388428,0.8673772811889648,-0.08719297498464584,0.6882612705230713,0.8038257360458374,-0.08444958925247192,0.6511827111244202,0.7795307636260986,-0.055468376725912094,0.6070350408554077,0.7929516434669495,-0.03482023626565933,thumbs_up
0.47691240906715393,0.7160500884056091,-4.24672975896101e-07,0.49094358086586,0.5645495653152466,-0.05430025979876518,0.5060836672782898,0.4214072525501251,-0.08530034869909286,0.5123862028121948,0.32061463594436646,-0.11022377014160156,0.5244565010070801,0.213996022939682,-0.13269318640232086,0.47723332047462463,0.5256316661834717,-0.09969576448202133,0.662381112575531,0.5160498023033142,-0.1532977670431137,0.6284244656562805,0.5343688130378723,-0.18727265298366547,0.5624180436134338,0.5340704917907715,-0.21402490139007568,0.45697546005249023,0.6550496816635132,-0.10090302675962448,0.660220205783844,0.6369975209236145,-0.1404898464679718,0.6107344627380371,0.6360888481140137,-0.1480918973684311,0.5508162975311279,0.6288106441497803,-0.16771066188812256,0.4550701081752777,0.7656496167182922,-0.10614293068647385,0.6415644288063049,0.7517797350883484,-0.14228476583957672,0.5902485251426697,0.7420178055763245,-0.13058584928512573,0.5299351215362549,0.7207165360450745,-0.13150633871555328,0.46555426716804504,0.8501805067062378,-0.11907146871089935,0.5999012589454651,0.8516311049461365,-0.1506466418504715,0.5641853213310242,0.8334778547286987,-0.1524127721786499,0.5073832273483276,0.821077823638916,-0.15940067172050476,thumbs_up
0.45024004578590393,0.9562143087387085,1.1839783837785944e-06,0.538902997970581,0.9110488891601562,-0.05262023210525513,0.5998050570487976,0.8525702953338623,-0.09277196228504181,0.6037525534629822,0.8182511329650879,-0.13621512055397034,0.5493497848510742,0.8099102973937988,-0.1755201518535614,0.5634397268295288,0.6124386787414551,-0.07747726887464523,0.5933384895324707,0.4499480724334717,-0.13827838003635406,0.6141655445098877,0.352304607629776,-0.1701008677482605,0.624151885509491,0.2584092617034912,-0.18705104291439056,0.4802778959274292,0.6107954978942871,-0.09142294526100159,0.44996678829193115,0.4600696563720703,-0.16714322566986084,0.43291398882865906,0.34269681572914124,-0.20615972578525543,0.41174042224884033,0.2393854260444641,-0.22006988525390625,0.4158191680908203,0.6617600917816162,-0.10912112891674042,0.450724333524704,0.6995471119880676,-0.20236742496490479,0.5034259557723999,0.8058702945709229,-0.22291864454746246,0.5327035188674927,0.875687837600708,-0.20758122205734253,0.3787602186203003,0.7451056241989136,-0.13113364577293396,0.4391295909881592,0.8184778094291687,-0.19805987179279327,0.5001379251480103,0.8882886171340942,-0.20890559256076813,0.5429688096046448,0.9399622082710266,-0.19773440062999725,peace
0.35197556018829346,0.9855598211288452,1.1450528063505772e-06,0.4367672801017761,0.9676392078399658,-0.03982505574822426,0.5029342174530029,0.9166245460510254,-0.06985119730234146,0.5069987773895264,0.8777865171432495,-0.1026676595211029,0.4517670273780823,0.8617259860038757,-0.13252587616443634,0.49131473898887634,0.7109662294387817,-0.0496959462761879,0.5441973209381104,0.5945504903793335,-0.0977678894996643,0.5745615363121033,0.5200667381286621,-0.1257542371749878,0.5964860916137695,0.44617119431495667,-0.14316987991333008,0.4188395142555237,0.68693608045578,-0.0662161186337471,0.432152658700943,0.5508394241333008,-0.125247061252594,0.45587989687919617,0.45649129152297974,-0.15641474723815918,0.4699990153312683,0.3692750930786133,-0.1694682240486145,0.35529613494873047,0.7120948433876038,-0.08688195794820786,0.3814932405948639,0.7024734616279602,-0.16644205152988434,0.41685405373573303,0.8109214305877686,-0.1831839233636856,0.4324641227722168,0.883898138999939,-0.17209607362747192,0.3057647943496704,0.7745770812034607,-0.11077322065830231,0.35572344064712524,0.8385288119316101,-0.17531649768352509,0.3921319544315338,0.9184175729751587,-0.1882740706205368,0.4091862440109253,0.9694212675094604,-0.1824871301651001,peace
0.4419949948787689,0.9562559723854065,1.1642395065791789e-06,0.5186783671379089,0.9169983863830566,-0.04291941970586777,0.5696247816085815,0.8684074878692627,-0.07714355736970901,0.5719518065452576,0.8583488464355469,-0.11468379199504852,0.5246936082839966,0.8798632621765137,-0.1502745896577835,0.5196847319602966,0.6809619069099426,-0.0657503604888916,0.5314291715621948,0.5440311431884766,-0.11783365905284882,0.5366356372833252,0.46490663290023804,-0.14586836099624634,0.5323521494865417,0.3883872330188751,-0.1624484807252884,0.44344139099121094,0.6916682720184326,-0.08336447179317474,0.41125333309173584,0.5643255710601807,-0.14727076888084412,0.3874751925468445,0.4752066731452942,-0.1810424029827118,0.3592691719532013,0.3977321982383728,-0.19404755532741547,0.3902619481086731,0.749990701675415,-0.10456766933202744,0.41859930753707886,0.7801343202590942,-0.18772797286510468,0.47198376059532166,0.8587159514427185,-0.20864540338516235,0.5051932334899902,0.9106850028038025,-0.19859233498573303,0.3624146580696106,0.834732711315155,-0.1290084272623062,0.4207953214645386,0.8972364664077759,-0.19384852051734924,0.48144763708114624,0.9438542723655701,-0.20660386979579926,0.5259431600570679,0.9750344753265381,-0.19992268085479736,peace
0.1900824010372162,0.8388226628303528,1.195434037981613e-06,0.29494208097457886,0.8874741792678833,-0.04344402998685837,0.37694841623306274,0.8795961141586304,-0.0817447081208229,0.426788866519928,0.8605763912200928,-0.12510445713996887,0.4044249951839447,0.815500020980835,-0.16229909658432007,0.44831860065460205,0.6761163473129272,-0.06828786432743073,0.5435789823532104,0.5893869400024414,-0.12410317361354828,0.6000335812568665,0.5285582542419434,-0.15676239132881165,0.6461607813835144,0.46849119663238525,-0.17991338670253754,0.3891821801662445,0.6155253648757935,-0.09082359075546265,0.4595979154109955,0.490353524684906,-0.17138609290122986,0.5217176079750061,0.4068118631839752,-0.2181590050458908,0.5693601369857788,0.3366580307483673,-0.24265359342098236,0.31917908787727356,0.6054081916809082,-0.11598464846611023,0.38525390625,0.6181374788284302,-0.20874859392642975,0.37871691584587097,0.7435318827629089,-0.22260992228984833,0.3637484908103943,0.8246000409126282,-0.20942893624305725,0.25691184401512146,0.6454715132713318,-0.14551164209842682,0.3130123019218445,0.7421950101852417,-0.2205849438905716,0.3292735815048218,0.8521725535392761,-0.23610061407089233,0.33083492517471313,0.9217264652252197,-0.23169225454330444,peace
0.3520965576171875,0.8994593620300293,1.1120738463432644e-06,0.4593466818332672,0.8750958442687988,-0.05244515836238861,0.5253159999847412,0.8466448783874512,-0.1057702973484993,0.5437929034233093,0.8574733734130859,-0.16086696088314056,0.4971342980861664,0.8812562227249146,-0.21191322803497314,0.5145401954650879,0.6719549894332886,-0.11561129987239838,0.5493572950363159,0.5426802039146423,-0.18264009058475494,0.5768564939498901,0.46290117502212524,-0.2235734611749649,0.5935570001602173,0.38387084007263184,-0.25422021746635437,0.4383767545223236,0.6726428270339966,-0.134023517370224,0.4236029386520386,0.5601457357406616,-0.2287016361951828,0.4207765758037567,0.468866765499115,-0.2771255671977997,0.41810041666030884,0.3855856955051422,-0.30267709493637085,0.3728961944580078,0.7182866334915161,-0.15294337272644043,0.41862753033638,0.7791895270347595,-0.23731954395771027,0.4526118040084839,0.8625529408454895,-0.24012491106987,0.47238972783088684,0.9003303647041321,-0.22433410584926605,0.3368014097213745,0.7885903120040894,-0.1784614473581314,0.39354339241981506,0.8715894818305969,-0.2380775809288025,0.44724634289741516,0.9361202716827393,-0.2420993447303772,0.4901297092437744,0.9696520566940308,-0.23370839655399323,peace
0.2377067357301712,0.8161588907241821,6.47123613362055e-07,0.266215980052948,0.6698532700538635,0.001868165098130703,0.35118868947029114,0.5841758251190186,-0.008660725317895412,0.43100765347480774,0.5714734196662903,-0.01851806603372097,0.4875327944755554,0.585523784160614,-0.027520829811692238,0.3815646171569824,0.5732238292694092,-0.06434892863035202,0.47745487093925476,0.457999050617218,-0.09228074550628662,0.536314845085144,0.3870841860771179,-0.1073140799999237,0.58498615026474,0.3366606533527374,-0.11727068573236465,0.4136584997177124,0.6522443294525146,-0.07567749917507172,0.5432054400444031,0.560801088809967,-0.09923955798149109,0.6132680177688599,0.5061887502670288,-0.10684512555599213,0.6713788509368896,0.47277382016181946,-0.1144101545214653,0.4338930547237396,0.7330558896064758,-0.08116676658391953,0.5658940076828003,0.6545803546905518,-0.0966939851641655,0.5343369245529175,0.6264450550079346,-0.07677029818296432,0.49086418747901917,0.6251166462898254,-0.0603225976228714,0.4430829882621765,0.8053154349327087,-0.08668499439954758,0.533774733543396,0.7378891706466675,-0.09349178522825241,0.5128951072692871,0.7063889503479004,-0.07335379719734192,0.48033612966537476,0.7050446271896362,-0.05523613467812538,peace
0.3627930283546448,0.8635950088500977,4.880299115939124e-07,0.368740051984787,0.7276208996772766,-0.018771899864077568,0.42827507853507996,0.6342313885688782,-0.04756873473525047,0.5049342513084412,0.6113750338554382,-0.06868874281644821,0.5588135719299316,0.6153830289840698,-0.08894485980272293,0.42567968368530273,0.6480398774147034,-0.12155333161354065,0.4762566387653351,0.4887288212776184,-0.16716255247592926,0.5019263625144958,0.3914952874183655,-0.19021601974964142,0.5246720910072327,0.3167826533317566,-0.20344866812229156,0.4727711081504822,0.7140147686004639,-0.12373428791761398,0.5577868223190308,0.5411527156829834,-0.16366204619407654,0.6149121522903442,0.44398555159568787,-0.17955850064754486,0.665351927280426,0.37753021717071533,-0.19215069711208344,0.5176669359207153,0.778275728225708,-0.11783735454082489,0.5939319133758545,0.617529571056366,-0.1440068632364273,0.5571147799491882,0.6110031008720398,-0.1250481754541397,0.5182050466537476,0.6382282972335815,-0.10774677991867065,0.5537717938423157,0.8283785581588745,-0.11251314729452133,0.5853464007377625,0.6944807171821594,-0.1268630176782608,0.5543591380119324,0.6827355027198792,-0.1074000746011734,0.5309643149375916,0.7111342549324036,-0.08895674347877502,peace
0.3151024281978607,0.8981220722198486,1.0581242122498224e-06,0.4064340889453888,0.8570149540901184,-0.029498476535081863,0.46848222613334656,0.783487856388092,-0.06042154133319855,0.4918784499168396,0.7247784733772278,-0.09584888070821762,0.4534602165222168,0.7161564826965332,-0.12573452293872833,0.44384950399398804,0.5998811721801758,-0.05333183705806732,0.48933491110801697,0.48859071731567383,-0.10150028020143509,0.5142388343811035,0.4112355709075928,-0.13126569986343384,0.5305293798446655,0.33894240856170654,-0.15249799191951752,0.380873441696167,0.594765841960907,-0.07512649148702621,0.4175627827644348,0.4851956367492676,-0.14394208788871765,0.45653674006462097,0.397311806678772,-0.18020012974739075,0.4814254939556122,0.32456454634666443,-0.19848491251468658,0.32565662264823914,0.6299673914909363,-0.09835813194513321,0.40427693724632263,0.6496222615242004,-0.1658686250448227,0.4311269521713257,0.738734245300293,-0.16405420005321503,0.42965391278266907,0.7916280031204224,-0.14601252973079681,0.2931020259857178,0.6961719989776611,-0.12610943615436554,0.3853713870048523,0.7409855723381042,-0.16998007893562317,0.40977153182029724,0.802708089351654,-0.16603943705558777,0.4009682238101959,0.8353425860404968,-0.1532895267009735,peace
0.2874964475631714,0.8838933706283569,1.1128611276944866e-06,0.37141546607017517,0.7684025764465332,0.028179137036204338,0.43262118101119995,0.6869407892227173,-0.008292262442409992,0.49162882566452026,0.6622558236122131,-0.05973582714796066,0.5231826901435852,0.66202312707901,-0.10535513609647751,0.37181952595710754,0.5635215044021606,-0.06843287497758865,0.4159298837184906,0.4306163191795349,-0.12091884762048721,0.4359723925590515,0.34197092056274414,-0.1551554650068283,0.44890105724334717,0.259305477142334,-0.18635664880275726,0.3455408215522766,0.6109520792961121,-0.12413614988327026,0.43377527594566345,0.5034593343734741,-0.21893373131752014,0.49079465866088867,0.4226189851760864,-0.26960453391075134,0.5353685021400452,0.3579508066177368,-0.3052522838115692,0.3349034786224365,0.689177930355072,-0.16895359754562378,0.47082316875457764,0.6414238810539246,-0.21388539671897888,0.4767563045024872,0.6977577805519104,-0.1721908152103424,0.44431573152542114,0.7269105911254883,-0.14322809875011444,0.3494085967540741,0.7705076932907104,-0.21633362770080566,0.4628266394138336,0.7402703762054443,-0.23070433735847473,0.46798425912857056,0.7687472105026245,-0.19583778083324432,0.43074679374694824,0.7806655168533325,-0.17172065377235413,peace
0.29541006684303284,0.7710381150245667,1.0927914217973012e-06,0.30318188667297363,0.6335207223892212,-0.025593971833586693,0.37993520498275757,0.5435222387313843,-0.07052034884691238,0.47426512837409973,0.5454066395759583,-0.10413116216659546,0.5223182439804077,0.5797910094261169,-0.13622930645942688,0.32903486490249634,0.5620036125183105,-0.16797704994678497,0.3720149099826813,0.4396212697029114,-0.22135543823242188,0.38981127738952637,0.3502283990383148,-0.2500099241733551,0.4066876173019409,0.28037893772125244,-0.2707170248031616,0.35163792967796326,0.644970178604126,-0.1752469539642334,0.4544174075126648,0.5127911567687988,-0.23432615399360657,0.5142583250999451,0.4247228503227234,-0.2538425326347351,0.564378023147583,0.36895376443862915,-0.27016282081604004,0.3891814351081848,0.7259092330932617,-0.1714995801448822,0.5115076303482056,0.6072984933853149,-0.2011033594608307,0.48282647132873535,0.5906344056129456,-0.16964630782604218,0.4448774456977844,0.6125133633613586,-0.14645373821258545,0.4334648549556732,0.7926964163780212,-0.16964448988437653,0.5132946968078613,0.6801341772079468,-0.17851679027080536,0.48508602380752563,0.6613796353340149,-0.14752061665058136,0.45424067974090576,0.6857679486274719,-0.12407579272985458,peace
0.37460172176361084,0.8360830545425415,1.9297500841730653e-07,0.338239461183548,0.7042582631111145,-0.029780693352222443,0.37058138847351074,0.5715537071228027,-0.04897885024547577,0.4364832937717438,0.4990895092487335,-0.056164491921663284,0.4926024079322815,0.48370131850242615,-0.0630715861916542,0.4213380515575409,0.6325844526290894,-0.11813867092132568,0.4735673666000366,0.46370038390159607,-0.14601901173591614,0.505978524684906,0.3742077052593231,-0.15372096002101898,0.5345332622528076,0.298666387796402,-0.15668630599975586,0.48054632544517517,0.6630917191505432,-0.10302796214818954,0.5233973264694214,0.46937140822410583,-0.12480299174785614,0.5410321354866028,0.36390140652656555,-0.12039894610643387,0.5575410723686218,0.28617212176322937,-0.11723153293132782,0.5251377820968628,0.685332715511322,-0.08137167245149612,0.5445934534072876,0.4990246295928955,-0.0979563295841217,0.5110792517662048,0.49388256669044495,-0.08079978078603745,0.4842664301395416,0.5271961688995361,-0.0635521188378334,0.5509533882141113,0.6974549293518066,-0.060554806143045425,0.5575222969055176,0.5467731952667236,-0.07281294465065002,0.5258315801620483,0.5359766483306885,-0.0605521984398365,0.5052003264427185,0.5689490437507629,-0.046510130167007446,peace
0.32604581117630005,0.9431389570236206,1.067510197572119e-06,0.4052063226699829,0.9059643745422363,-0.03848389536142349,0.4675508737564087,0.8391481637954712,-0.06601804494857788,0.453453004360199,0.8000279068946838,-0.09646856784820557,0.39294886589050293,0.793185293674469,-0.12317989766597748,0.43157652020454407,0.6397031545639038,-0.043561313301324844,0.46561872959136963,0.5141255259513855,-0.08857720345258713,0.488736093044281,0.43660950660705566,-0.11435490846633911,0.5032009482383728,0.36229127645492554,-0.12901544570922852,0.3608372211456299,0.6352728605270386,-0.05796825513243675,0.3576825261116028,0.5044834613800049,-0.11251368373632431,0.36607104539871216,0.41036906838417053,-0.14209753274917603,0.36643752455711365,0.32383280992507935,-0.153365358710289,0.30626925826072693,0.6758670210838318,-0.0765436515212059,0.3405727744102478,0.7023876309394836,-0.14656388759613037,0.38078102469444275,0.796557605266571,-0.15963739156723022,0.3973334729671478,0.8525238037109375,-0.14618155360221863,0.2700640857219696,0.7457876205444336,-0.09872528165578842,0.325259268283844,0.7978368997573853,-0.1454455703496933,0.36442282795906067,0.8582373857498169,-0.14886030554771423,0.38300156593322754,0.893377423286438,-0.1382734477519989,peace
0.15902043879032135,0.6970767974853516,1.2810611451641307e-06,0.23790326714515686,0.7313838005065918,-0.04917297884821892,0.3171370327472687,0.7195708751678467,-0.08447229117155075,0.3557119369506836,0.6782543659210205,-0.12063363939523697,0.34297895431518555,0.6050431132316589,-0.15265171229839325,0.4052072763442993,0.5462808012962341,-0.060544371604919434,0.5103076100349426,0.497565358877182,-0.11186326295137405,0.5736353397369385,0.4624742865562439,-0.14244219660758972,0.6288162469863892,0.4254553020000458,-0.15985290706157684,0.355515718460083,0.47527122497558594,-0.07192473858594894,0.44781363010406494,0.3783995509147644,-0.13423959910869598,0.5188132524490356,0.31559300422668457,-0.16778656840324402,0.5749149322509766,0.2601105868816376,-0.1814977079629898,0.29023587703704834,0.44435063004493713,-0.08758257329463959,0.34389400482177734,0.4736257791519165,-0.16969136893749237,0.32171931862831116,0.5820025205612183,-0.18423791229724884,0.2956187427043915,0.6498492956161499,-0.1705421507358551,0.22400858998298645,0.4543953835964203,-0.1069660484790802,0.26560214161872864,0.542733371257782,-0.17232674360275269,0.2622153162956238,0.6419010758399963,-0.1802932620048523,0.2514328360557556,0.7045642137527466,-0.1694287210702896,peace
0.10008236765861511,0.6851300001144409,1.3010322845730116e-06,0.16580037772655487,0.7531893849372864,-0.049245256930589676,0.24778780341148376,0.781592845916748,-0.084441639482975,0.3049279451370239,0.7717303037643433,-0.1204323023557663,0.32343316078186035,0.7065498232841492,-0.1518496721982956,0.3717426061630249,0.6580245494842529,-0.059867773205041885,0.483889639377594,0.6717694401741028,-0.1109042838215828,0.5515644550323486,0.6708770990371704,-0.1405758261680603,0.6111656427383423,0.665402889251709,-0.15751707553863525,0.34608352184295654,0.5708098411560059,-0.07188718020915985,0.46950268745422363,0.53361576795578,-0.13542550802230835,0.5525062680244446,0.5208250284194946,-0.1673373579978943,0.6183034181594849,0.5064769387245178,-0.17920903861522675,0.2948383092880249,0.5123597979545593,-0.08824096620082855,0.35663145780563354,0.5785050392150879,-0.17321939766407013,0.29820945858955383,0.6702439785003662,-0.18327820301055908,0.24892690777778625,0.716830849647522,-0.16526587307453156,0.23193234205245972,0.49189338088035583,-0.10810355097055435,0.2624966502189636,0.5967875719070435,-0.17738953232765198,0.22797030210494995,0.6885005831718445,-0.18271251022815704,0.1953674703836441,0.7362715005874634,-0.16851869225502014,peace
0.41347217559814453,0.8987386226654053,7.660215715077356e-07,0.4990632236003876,0.8691608905792236,-0.03180727735161781,0.5563620328903198,0.8372381925582886,-0.061730705201625824,0.5806073546409607,0.8302770853042603,-0.09469392150640488,0.5481013059616089,0.8384802341461182,-0.12468630075454712,0.5490385890007019,0.6735355854034424,-0.06354974955320358,0.5891281366348267,0.5606833100318909,-0.10924284160137177,0.6156524419784546,0.49403491616249084,-0.13481159508228302,0.632832407951355,0.42598700523376465,-0.15036047995090485,0.4869954288005829,0.6620379090309143,-0.07888399809598923,0.485195130109787,0.5603700876235962,-0.13463886082172394,0.4905174672603607,0.4802226424217224,-0.16393136978149414,0.4921722412109375,0.404446005821228,-0.17617973685264587,0.4331255555152893,0.6958710551261902,-0.09544439613819122,0.4809724986553192,0.760383129119873,-0.1566753089427948,0.516638994216919,0.8345394730567932,-0.16883380711078644,0.5333937406539917,0.8758490681648254,-0.15909303724765778,0.39967507123947144,0.7613992094993591,-0.11553819477558136,0.4526614844799042,0.8341412544250488,-0.15593500435352325,0.4976077675819397,0.8859386444091797,-0.15937525033950806,0.5294286012649536,0.921764075756073,-0.15066783130168915,peace
0.4503321051597595,0.8252643346786499,1.0703857924454496e-06,0.5297629237174988,0.7985054850578308,-0.07732657343149185,0.5654239654541016,0.7446866035461426,-0.1195325180888176,0.5358206033706665,0.76395583152771,-0.1544557809829712,0.48518848419189453,0.8006060123443604,-0.18861974775791168,0.4676777720451355,0.5930884480476379,-0.10769811272621155,0.415206640958786,0.4688950777053833,-0.16562102735042572,0.3751771152019501,0.39625993371009827,-0.1957506537437439,0.3339340090751648,0.33431896567344666,-0.21133720874786377,0.4017532169818878,0.619305431842804,-0.10292275995016098,0.3150905966758728,0.525088906288147,-0.17191743850708008,0.25369077920913696,0.4598289728164673,-0.20523770153522491,0.20089228451251984,0.4044778645038605,-0.21476434171199799,0.3687348961830139,0.6775367259979248,-0.1027359887957573,0.38601449131965637,0.7364338636398315,-0.1889255940914154,0.44975534081459045,0.8042808175086975,-0.20586656033992767,0.49701350927352905,0.8376134634017944,-0.19094881415367126,0.3597697615623474,0.7446755170822144,-0.10763408243656158,0.3992133140563965,0.8098082542419434,-0.17484831809997559,0.46142375469207764,0.8547203540802002,-0.17997939884662628,0.5104992389678955,0.876213014125824,-0.16562519967556,peace
0.45365846157073975,0.8499834537506104,9.755046903592302e-07,0.5099733471870422,0.7983429431915283,-0.060854654759168625,0.5330357551574707,0.7523312568664551,-0.10011959075927734,0.5261210203170776,0.7981662750244141,-0.13357137143611908,0.5004624724388123,0.8649005889892578,-0.16927661001682281,0.4302690923213959,0.6304965019226074,-0.10681180655956268,0.356094628572464,0.5423927903175354,-0.1593521386384964,0.30673348903656006,0.4942764639854431,-0.1875792145729065,0.2561342716217041,0.4511675536632538,-0.2041119784116745,0.37525132298469543,0.6785352230072021,-0.110924631357193,0.28364551067352295,0.6309776306152344,-0.17369109392166138,0.2137896716594696,0.6169204115867615,-0.20400844514369965,0.15306617319583893,0.5984311103820801,-0.2137601524591446,0.3564841151237488,0.7501135468482971,-0.11756397783756256,0.3753044009208679,0.7923031449317932,-0.19428764283657074,0.4010356366634369,0.819324254989624,-0.21848070621490479,0.40770214796066284,0.8154231905937195,-0.21646825969219208,0.3619549572467804,0.825914740562439,-0.12733440101146698,0.4188319742679596,0.8739678859710693,-0.19204704463481903,0.48443353176116943,0.898427426815033,-0.20024913549423218,0.5349286198616028,0.9018028378486633,-0.19233572483062744,peace
0.6069143414497375,0.9256554245948792,5.473059445648687e-07,0.6610966324806213,0.9063212275505066,-0.036540236324071884,0.6965395212173462,0.8732534050941467,-0.06523920595645905,0.7111480832099915,0.9035968780517578,-0.09554928541183472,0.7018614411354065,0.9543216824531555,-0.12658073008060455,0.6506239175796509,0.7418277263641357,-0.05589277669787407,0.6328589916229248,0.665169358253479,-0.10132649540901184,0.6178878545761108,0.6128944754600525,-0.12912046909332275,0.5962772965431213,0.5697640776634216,-0.14580774307250977,0.5920764207839966,0.7626307010650635,-0.06799254566431046,0.5464101433753967,0.708207368850708,-0.12954573333263397,0.5065840482711792,0.6846206188201904,-0.15769211947917938,0.46977120637893677,0.6612851619720459,-0.16473132371902466,0.553898811340332,0.8115031719207764,-0.08334773033857346,0.576501727104187,0.852982223033905,-0.1478310525417328,0.6315865516662598,0.9206664562225342,-0.157160222530365,0.669782817363739,0.9511572122573853,-0.14424145221710205,0.5338156819343567,0.8714101910591125,-0.10160842537879944,0.5645546317100525,0.9203088283538818,-0.14506672322750092,0.6126108169555664,0.9652207493782043,-0.14338605105876923,0.65218585729599,0.9801293611526489,-0.13039475679397583,peace
0.4344085454940796,0.8651129603385925,9.451570122109842e-07,0.5167410969734192,0.8711250424385071,-0.041916344314813614,0.5715665221214294,0.8685441017150879,-0.07847564667463303,0.5951761603355408,0.8917922377586365,-0.11634250730276108,0.5710460543632507,0.9154189229011536,-0.15235064923763275,0.5583271384239197,0.7099992036819458,-0.08158913999795914,0.5902771949768066,0.6066308617591858,-0.13349127769470215,0.6097704768180847,0.5423678159713745,-0.162198007106781,0.6205923557281494,0.47967642545700073,-0.18003591895103455,0.4958816468715668,0.700630247592926,-0.0948578491806984,0.4918680787086487,0.6039097309112549,-0.15919820964336395,0.4876290261745453,0.525046169757843,-0.19123677909374237,0.4820204973220825,0.4514407217502594,-0.2048012912273407,0.441037654876709,0.7359709143638611,-0.10980674624443054,0.4790452718734741,0.796840250492096,-0.17724764347076416,0.5124084949493408,0.8683730959892273,-0.18608374893665314,0.5337153673171997,0.9074416160583496,-0.17403869330883026,0.40716612339019775,0.7975165843963623,-0.12857674062252045,0.4572015106678009,0.8764892816543579,-0.1764565259218216,0.5019965171813965,0.9363832473754883,-0.17742887139320374,0.5349245667457581,0.9725777506828308,-0.16626489162445068,peace
0.2360663264989853,0.7819344997406006,1.157999804490828e-06,0.3282451629638672,0.8484602570533752,-0.04023151844739914,0.39710867404937744,0.8651097416877747,-0.08044958859682083,0.44251033663749695,0.870231568813324,-0.12411201000213623,0.4461526572704315,0.8585262298583984,-0.16076986491680145,0.4812237620353699,0.7011118531227112,-0.08219966292381287,0.5780669450759888,0.6524941921234131,-0.13917797803878784,0.6404702663421631,0.6114022731781006,-0.17141000926494598,0.6919572949409485,0.5686318278312683,-0.193753182888031,0.4358796179294586,0.6340269446372986,-0.10257719457149506,0.5137036442756653,0.5513929128646851,-0.1870928704738617,0.5862860083580017,0.48899251222610474,-0.23487462103366852,0.6446933746337891,0.44171464443206787,-0.2591002881526947,0.3763200640678406,0.6131677031517029,-0.12342143803834915,0.42812925577163696,0.7001711130142212,-0.20633302628993988,0.4215869903564453,0.8041203022003174,-0.21775221824645996,0.412452757358551,0.8683156371116638,-0.2056201547384262,0.3233919143676758,0.6435532569885254,-0.14861801266670227,0.36177459359169006,0.7658560276031494,-0.20642545819282532,0.3786014914512634,0.8616827726364136,-0.21556998789310455,0.38813716173171997,0.9238958954811096,-0.20943748950958252,peace
0.14758644998073578,0.5557146072387695,1.1579277270357125e-06,0.19848081469535828,0.6596806049346924,-0.043941788375377655,0.27810266613960266,0.7270307540893555,-0.073153555393219,0.34380632638931274,0.7603945732116699,-0.10510127246379852,0.3894852101802826,0.7183251976966858,-0.13284678757190704,0.42543530464172363,0.651279866695404,-0.05118752270936966,0.5307403206825256,0.7085798382759094,-0.1003197580575943,0.5976386070251465,0.7283118963241577,-0.12963241338729858,0.6583988666534424,0.7350951433181763,-0.14794422686100006,0.4242422878742218,0.5583600401878357,-0.06590434163808823,0.552505612373352,0.5659083127975464,-0.1310458779335022,0.6383368968963623,0.5729458928108215,-0.16680508852005005,0.7081596851348877,0.5719823241233826,-0.18254424631595612,0.387647420167923,0.4842314124107361,-0.08497791737318039,0.4456927180290222,0.5601159930229187,-0.16958346962928772,0.38244566321372986,0.641407310962677,-0.18497639894485474,0.3318682610988617,0.6873782277107239,-0.1716661900281906,0.3306957483291626,0.44259676337242126,-0.10712523013353348,0.3485414385795593,0.5488830208778381,-0.17540188133716583,0.3175925314426422,0.6348221302032471,-0.18770603835582733,0.2918102443218231,0.6899649500846863,-0.1801319569349289,peace
0.32395631074905396,0.887625515460968,1.0354822279623477e-06,0.42744624614715576,0.9128453135490417,-0.034001708030700684,0.49728864431381226,0.9045224189758301,-0.07152550667524338,0.5398569107055664,0.896482527256012,-0.11351476609706879,0.5276476144790649,0.8755098581314087,-0.14864133298397064,0.545759379863739,0.7320292592048645,-0.07129931449890137,0.6307374835014343,0.6483995914459229,-0.12352994829416275,0.6810920834541321,0.5913012623786926,-0.1529340296983719,0.7227209210395813,0.5322098731994629,-0.17286422848701477,0.49114033579826355,0.683661162853241,-0.0928177610039711,0.551028847694397,0.5808091759681702,-0.17104682326316833,0.6013516187667847,0.4985578656196594,-0.21429090201854706,0.6398966312408447,0.42780324816703796,-0.23500098288059235,0.4297853708267212,0.6840909123420715,-0.11417147517204285,0.48668578267097473,0.7598649859428406,-0.1913992464542389,0.48807492852211,0.8644594550132751,-0.19605495035648346,0.4809626042842865,0.9242069721221924,-0.17835046350955963,0.3808101415634155,0.7318469882011414,-0.1397690325975418,0.4339792728424072,0.8187762498855591,-0.18988603353500366,0.4580106735229492,0.9050917625427246,-0.18948429822921753,0.46702104806900024,0.9590458273887634,-0.1762569099664688,peace
0.36369943618774414,0.8957713842391968,8.052432463045989e-07,0.4752194583415985,0.8910092115402222,-0.029780860990285873,0.547366201877594,0.8755709528923035,-0.06652477383613586,0.5675854682922363,0.8935438990592957,-0.1070086807012558,0.5256614089012146,0.907357931137085,-0.14426089823246002,0.5450315475463867,0.7229357361793518,-0.08342217653989792,0.5930852890014648,0.6141045093536377,-0.135496586561203,0.6215310096740723,0.5496572852134705,-0.16668470203876495,0.6416904330253601,0.48069897294044495,-0.18941037356853485,0.47947022318840027,0.7009015679359436,-0.10421846061944962,0.49299710988998413,0.6030769348144531,-0.17767460644245148,0.5102683305740356,0.5208877921104431,-0.21540047228336334,0.5201646685600281,0.44262778759002686,-0.23397915065288544,0.4186038076877594,0.7256345152854919,-0.12403153628110886,0.4651479423046112,0.8158198595046997,-0.18841327726840973,0.48863062262535095,0.893020749092102,-0.19206354022026062,0.49885454773902893,0.9225072264671326,-0.17921319603919983,0.3786168694496155,0.784734845161438,-0.1481127291917801,0.4328398108482361,0.8883771300315857,-0.18705448508262634,0.4704299569129944,0.9468040466308594,-0.18497127294540405,0.49565577507019043,0.9753994941711426,-0.17475447058677673,peace
0.3982657790184021,0.9010574817657471,6.464406396844424e-07,0.4996529221534729,0.8721345663070679,-0.03169433772563934,0.5602720379829407,0.8313339352607727,-0.06031850352883339,0.5660919547080994,0.8543753027915955,-0.09265311807394028,0.5219573378562927,0.8971535563468933,-0.12390916794538498,0.5287888646125793,0.6907951831817627,-0.07270818948745728,0.5475528240203857,0.5657424330711365,-0.11722854524850845,0.5555492639541626,0.48637819290161133,-0.14111343026161194,0.5595823526382446,0.4104084372520447,-0.1571529358625412,0.4581923186779022,0.6874963641166687,-0.08963765949010849,0.4344717562198639,0.5922403931617737,-0.15202011168003082,0.4145916700363159,0.5026497840881348,-0.18071532249450684,0.3983830213546753,0.42340922355651855,-0.1905919462442398,0.40241217613220215,0.7304627299308777,-0.10721973329782486,0.45006799697875977,0.8190138339996338,-0.16870538890361786,0.4851516783237457,0.8822829723358154,-0.17779698967933655,0.5059966444969177,0.9044356346130371,-0.16637162864208221,0.3702951669692993,0.7961406111717224,-0.12856623530387878,0.42852917313575745,0.8913994431495667,-0.16789397597312927,0.4794637858867645,0.9419524073600769,-0.1677224487066269,0.5210577845573425,0.9696155190467834,-0.15692833065986633,peace
0.32419079542160034,0.7923733592033386,1.0048421472674818e-06,0.3651345670223236,0.6648380756378174,-0.013153135776519775,0.4638933837413788,0.589115560054779,-0.05427084118127823,0.564113438129425,0.6009348034858704,-0.09116494655609131,0.5924038887023926,0.660315215587616,-0.125285804271698,0.3991425335407257,0.5736342072486877,-0.1339697688817978,0.4438624978065491,0.46249523758888245,-0.19008252024650574,0.4581878185272217,0.3767905533313751,-0.2246626317501068,0.46067869663238525,0.3047718107700348,-0.24944676458835602,0.39730530977249146,0.650134801864624,-0.1547732949256897,0.5115470886230469,0.5422699451446533,-0.21867580711841583,0.5808416604995728,0.4596296548843384,-0.24764622747898102,0.6282774209976196,0.40118902921676636,-0.2692567706108093,0.4127781093120575,0.7397909760475159,-0.16650357842445374,0.5611202120780945,0.6750588417053223,-0.19866201281547546,0.5657014846801758,0.6623222827911377,-0.17403548955917358,0.5398740768432617,0.6627668142318726,-0.1546463817358017,0.44427549839019775,0.8233467936515808,-0.18040908873081207,0.5570394396781921,0.7568185329437256,-0.1872156411409378,0.5523737668991089,0.7274940013885498,-0.15944057703018188,0.5254423022270203,0.7174270749092102,-0.13922546803951263,peace
0.36243492364883423,0.9161528944969177,9.069361794900033e-07,0.456645131111145,0.8787100315093994,-0.0330091193318367,0.5135189294815063,0.8374489545822144,-0.06845422834157944,0.5354344844818115,0.8394109010696411,-0.10788517445325851,0.4991629719734192,0.8517850637435913,-0.14338038861751556,0.5082244277000427,0.6714777946472168,-0.07431793957948685,0.541994571685791,0.5584332346916199,-0.12782546877861023,0.5641176700592041,0.49009278416633606,-0.15889494121074677,0.5796350240707397,0.41930243372917175,-0.1795283704996109,0.4375469386577606,0.6583069562911987,-0.09346451610326767,0.4389009177684784,0.5607627034187317,-0.1640079915523529,0.45044779777526855,0.47723954916000366,-0.2000243216753006,0.4570067822933197,0.3997367024421692,-0.21641235053539276,0.37861353158950806,0.6917368769645691,-0.11372171342372894,0.4259029030799866,0.7600265741348267,-0.18386074900627136,0.46479934453964233,0.8440997004508972,-0.19423708319664001,0.487336128950119,0.8901009559631348,-0.18277990818023682,0.3420659005641937,0.7598373293876648,-0.1381959319114685,0.40274620056152344,0.8466570377349854,-0.18323291838169098,0.4519910514354706,0.9031782746315002,-0.18802902102470398,0.48842912912368774,0.9380192756652832,-0.18082231283187866,peace
0.21994730830192566,0.7184031009674072,1.2542137710624957e-06,0.26987946033477783,0.7636207938194275,-0.04990902543067932,0.31899595260620117,0.7724707126617432,-0.08639656007289886,0.30379754304885864,0.7370669841766357,-0.12292488664388657,0.27131661772727966,0.6774025559425354,-0.15844616293907166,0.38716793060302734,0.6101163029670715,-0.07072683423757553,0.46121910214424133,0.5484277009963989,-0.12893761694431305,0.5101828575134277,0.5076204538345337,-0.16243718564510345,0.552313506603241,0.46248120069503784,-0.18030346930027008,0.3483435809612274,0.5355072021484375,-0.08242805302143097,0.41907718777656555,0.4333204925060272,-0.14470449090003967,0.470592200756073,0.3686097264289856,-0.17637889087200165,0.5149725675582886,0.3029173016548157,-0.18686309456825256,0.29242488741874695,0.5078370571136475,-0.09849626570940018,0.2876512408256531,0.5315760970115662,-0.17958463728427887,0.26213595271110535,0.6462589502334595,-0.1898411363363266,0.25077956914901733,0.7183089256286621,-0.17159141600131989,0.2289065271615982,0.5140511393547058,-0.11788475513458252,0.2181631326675415,0.5728384852409363,-0.17682671546936035,0.21627524495124817,0.6646811962127686,-0.175557479262352,0.22184595465660095,0.7241504788398743,-0.1582687348127365,peace
0.26749908924102783,0.7780302166938782,1.2744474133796757e-06,0.3425842821598053,0.7792043685913086,-0.03636442497372627,0.40143105387687683,0.7656302452087402,-0.07056025415658951,0.41548359394073486,0.7640630006790161,-0.10695347934961319,0.37917521595954895,0.7598719000816345,-0.14081066846847534,0.4161664545536041,0.5949242115020752,-0.06877058744430542,0.4695834815502167,0.5005606412887573,-0.12257569283246994,0.5032660961151123,0.43819084763526917,-0.1534976363182068,0.5302005410194397,0.37670546770095825,-0.17211993038654327,0.3519923686981201,0.5565682649612427,-0.08645226806402206,0.3811262845993042,0.4524974226951599,-0.14934155344963074,0.4162622094154358,0.3813791871070862,-0.1816817969083786,0.4470634460449219,0.31134867668151855,-0.19464264810085297,0.28707122802734375,0.5670159459114075,-0.10641313344240189,0.3200875222682953,0.6468091607093811,-0.17736965417861938,0.3375844955444336,0.7405503988265991,-0.18675044178962708,0.3471701741218567,0.7927443385124207,-0.17270004749298096,0.23429684340953827,0.6182667016983032,-0.13023851811885834,0.2722781002521515,0.7100346684455872,-0.1803264319896698,0.31447768211364746,0.7829668521881104,-0.18264347314834595,0.3477223515510559,0.8276140689849854,-0.17135664820671082,peace
0.341181218624115,0.8280987739562988,3.801118282353855e-07,0.35470050573349,0.689834713935852,0.0025166014675050974,0.4182416796684265,0.5978020429611206,-0.004790724720805883,0.4865054786205292,0.5917353630065918,-0.011556527577340603,0.5312954187393188,0.6135032773017883,-0.01866641640663147,0.4373490810394287,0.5813108682632446,-0.05095291882753372,0.4951581656932831,0.4390357732772827,-0.07129371911287308,0.5265284776687622,0.3566489517688751,-0.0792066752910614,0.5549410581588745,0.2951045036315918,-0.08367355912923813,0.4856961667537689,0.6397714614868164,-0.06008199229836464,0.5683280825614929,0.49519944190979004,-0.07726135849952698,0.6177743077278137,0.4126683473587036,-0.08574111014604568,0.6613512635231018,0.3576010763645172,-0.09254332631826401,0.5209851264953613,0.7043308019638062,-0.06355183571577072,0.6014752388000488,0.5891498923301697,-0.079768605530262,0.5636187195777893,0.5820874571800232,-0.07110397517681122,0.5221614837646484,0.600409746170044,-0.060505982488393784,0.542518138885498,0.761766791343689,-0.06603558361530304,0.5672637224197388,0.6687800288200378,-0.07566428929567337,0.5375224351882935,0.6573804616928101,-0.06360173225402832,0.5144603848457336,0.6758195161819458,-0.05055871605873108,peace
0.31700992584228516,0.7856107354164124,8.03623947831511e-07,0.36373427510261536,0.6732549071311951,-0.004394724033772945,0.4473460018634796,0.6298724412918091,-0.021811919286847115,0.513888955116272,0.6483427882194519,-0.03648313879966736,0.5556105375289917,0.6774157285690308,-0.051793765276670456,0.45897263288497925,0.6141923666000366,-0.07899108529090881,0.5590667128562927,0.5595910549163818,-0.10885922610759735,0.6201981902122498,0.5182550549507141,-0.12661001086235046,0.6694890260696411,0.4892843961715698,-0.13912539184093475,0.4673466682434082,0.6966113448143005,-0.08886488527059555,0.5964685082435608,0.6693688631057739,-0.11457087844610214,0.6750363111495972,0.6497418880462646,-0.12564821541309357,0.7343818545341492,0.6413626074790955,-0.13663272559642792,0.4699752628803253,0.7775806188583374,-0.09247148782014847,0.6010883450508118,0.7557423114776611,-0.10957690328359604,0.5855422616004944,0.7197513580322266,-0.09485913068056107,0.5482505559921265,0.7025264501571655,-0.08369719982147217,0.46914851665496826,0.8441687822341919,-0.09599656611680984,0.5558388233184814,0.8057186007499695,-0.10749790817499161,0.5398608446121216,0.7746208310127258,-0.09175682067871094,0.5074321627616882,0.7674455642700195,-0.07766855508089066,peace
0.4870467483997345,0.7670854330062866,-4.441604346538952e-07,0.5539610981941223,0.7099792957305908,-0.03766055777668953,0.6161152124404907,0.6067519783973694,-0.06337704509496689,0.6166201829910278,0.5245933532714844,-0.08683443069458008,0.5560763478279114,0.5114781260490417,-0.1020389124751091,0.5621545910835266,0.4417582154273987,-0.0346255823969841,0.6073412299156189,0.38644838333129883,-0.08123092353343964,0.6047447919845581,0.49662554264068604,-0.10302198678255081,0.5827150940895081,0.5200502276420593,-0.11527826637029648,0.500683069229126,0.44955334067344666,-0.04105718433856964,0.549465537071228,0.3926069438457489,-0.09355965256690979,0.5588306188583374,0.5184991359710693,-0.10552369803190231,0.5330272912979126,0.5290347337722778,-0.1044420450925827,0.4447799324989319,0.4824901223182678,-0.05253489315509796,0.4838385581970215,0.4366850256919861,-0.10388635843992233,0.5083414316177368,0.5492146611213684,-0.08811675757169724,0.48639389872550964,0.5596887469291687,-0.06777272373437881,0.3913341164588928,0.5303845405578613,-0.06656565517187119,0.43346935510635376,0.4990134835243225,-0.09483327716588974,0.45908790826797485,0.5699272155761719,-0.07529842108488083,0.4430224895477295,0.5845670700073242,-0.05519716069102287,fist
0.42770612239837646,0.7398694753646851,-6.622618684559711e-07,0.38495635986328125,0.5981080532073975,-0.0035692881792783737,0.39645910263061523,0.464201956987381,-0.012037791311740875,0.45043426752090454,0.3856726288795471,-0.018386324867606163,0.5078310966491699,0.3833160400390625,-0.02142276056110859,0.45914238691329956,0.4812428057193756,-0.044251106679439545,0.49190691113471985,0.34387069940567017,-0.05615406110882759,0.46566540002822876,0.38459789752960205,-0.052140332758426666,0.452686607837677,0.4349273443222046,-0.04659741744399071,0.5219337940216064,0.5303746461868286,-0.04745525121688843,0.5500432252883911,0.380635142326355,-0.05437165126204491,0.5182386636734009,0.41295939683914185,-0.043121807277202606,0.4998583197593689,0.4638846516609192,-0.03318719193339348,0.5690129995346069,0.5769479870796204,-0.047573838382959366,0.5804802179336548,0.4468463063240051,-0.05176377668976784,0.5504403710365295,0.4718211591243744,-0.03641483560204506,0.5335597395896912,0.5165650844573975,-0.02511580102145672,0.6018472909927368,0.619981586933136,-0.04682929813861847,0.6034391522407532,0.510062575340271,-0.04951193928718567,0.5780354142189026,0.5253499150276184,-0.035957153886556625,0.5655413866043091,0.5667577981948853,-0.02411615662276745,fist
0.4148709774017334,0.6880089044570923,-1.902295707623125e-07,0.42413023114204407,0.5704435706138611,0.001408252166584134,0.4584008753299713,0.46372130513191223,-0.023079486563801765,0.5052871108055115,0.409997820854187,-0.05022723600268364,0.5445066094398499,0.3983260989189148,-0.07356792688369751,0.43935441970825195,0.4004468321800232,-0.06885554641485214,0.5702717304229736,0.34995508193969727,-0.10798846930265427,0.5650044679641724,0.40549519658088684,-0.11943257600069046,0.5300581455230713,0.42902594804763794,-0.12414036691188812,0.4484179615974426,0.46673014760017395,-0.09217838943004608,0.5951333045959473,0.40717411041259766,-0.12618662416934967,0.5791512131690979,0.4620054364204407,-0.11647243797779083,0.5402044057846069,0.4863992929458618,-0.10960110276937485,0.46930480003356934,0.5404248237609863,-0.113995760679245,0.605676531791687,0.4827541410923004,-0.13409540057182312,0.5809573531150818,0.526806652545929,-0.10617458820343018,0.5407837629318237,0.5451802611351013,-0.08840195089578629,0.4957627058029175,0.6182125806808472,-0.1362600326538086,0.6010870337486267,0.5598825216293335,-0.13828639686107635,0.5795087814331055,0.588553786277771,-0.11339113861322403,0.5418770909309387,0.6083437204360962,-0.09771302342414856,fist
0.46897056698799133,0.7210459113121033,-3.407972997138131e-07,0.5438905954360962,0.6446900367736816,-0.03230290114879608,0.6022446155548096,0.5547648072242737,-0.06100613623857498,0.6240577101707458,0.47858506441116333,-0.08988278359174728,0.5806223154067993,0.4746704399585724,-0.1119060069322586,0.4966684579849243,0.3908088803291321,-0.025011269375681877,0.580170214176178,0.36642420291900635,-0.07006142288446426,0.5855075716972351,0.46060460805892944,-0.09303551912307739,0.558776319026947,0.48129045963287354,-0.10588545352220535,0.45095884799957275,0.40749451518058777,-0.03304088115692139,0.5472205877304077,0.39565950632095337,-0.07702020555734634,0.5560630559921265,0.5061658620834351,-0.0835752785205841,0.5265111923217773,0.5138242244720459,-0.08145780861377716,0.41588565707206726,0.4456511437892914,-0.04722372815012932,0.5096150636672974,0.4335572123527527,-0.09045317769050598,0.5210521221160889,0.5323382019996643,-0.0765182226896286,0.4910622239112854,0.5474719405174255,-0.059344593435525894,0.38984784483909607,0.49724459648132324,-0.06477192044258118,0.46646183729171753,0.4784230887889862,-0.08728118985891342,0.4781253933906555,0.5420487523078918,-0.07321226596832275,0.4525969624519348,0.5611476898193359,-0.058366477489471436,fist
0.3751649856567383,0.7406184673309326,-4.252026712947554e-07,0.4702531397342682,0.734778642654419,-0.012909475713968277,0.5491754412651062,0.7018924951553345,-0.027530241757631302,0.5999019742012024,0.6606261730194092,-0.04663205146789551,0.5858627557754517,0.6098425984382629,-0.05904136225581169,0.544206976890564,0.5253899097442627,0.006958401761949062,0.6180101037025452,0.5427702069282532,-0.03594018891453743,0.5800098180770874,0.6174487471580505,-0.0566338449716568,0.5440412163734436,0.6180770397186279,-0.06515617668628693,0.5090286135673523,0.4983917474746704,-0.007899213582277298,0.5947726368904114,0.5202405452728271,-0.053112126886844635,0.5500509142875671,0.614313006401062,-0.061927177011966705,0.5141441226005554,0.6046766042709351,-0.057331494987010956,0.47022804617881775,0.48604175448417664,-0.029073212295770645,0.5492525696754456,0.5188391208648682,-0.07690209895372391,0.5086237192153931,0.6119238138198853,-0.06539244204759598,0.4723806083202362,0.5998268127441406,-0.045452315360307693,0.428117573261261,0.4881677031517029,-0.05105080455541611,0.5007829070091248,0.5171982049942017,-0.07579732686281204,0.4781401753425598,0.5848671197891235,-0.05953996628522873,0.4439338445663452,0.5806248188018799,-0.04067932441830635,fist
0.41705185174942017,0.7369317412376404,-3.1985504733711423e-07,0.500193178653717,0.70699542760849,-0.026626791805028915,0.5748421549797058,0.6525239944458008,-0.04946452006697655,0.6148046851158142,0.5928412675857544,-0.07281678169965744,0.5847446918487549,0.5453125834465027,-0.08933544158935547,0.5463827848434448,0.4739961624145508,-0.01863807626068592,0.6178580522537231,0.4692312479019165,-0.062219228595495224,0.5922319889068604,0.5578674674034119,-0.08298947662115097,0.5595143437385559,0.5633698105812073,-0.09270438551902771,0.4992673099040985,0.45911821722984314,-0.027579138055443764,0.5794188976287842,0.4538176655769348,-0.07291317731142044,0.5545521974563599,0.5643531084060669,-0.08139903843402863,0.520559549331665,0.5630069971084595,-0.07802858203649521,0.45122164487838745,0.4634479880332947,-0.041870735585689545,0.5243736505508423,0.46641239523887634,-0.08882801979780197,0.5083426833152771,0.572515070438385,-0.07475381344556808,0.475655198097229,0.5725519061088562,-0.05461247265338898,0.403714120388031,0.4834454655647278,-0.057753827422857285,0.4714100956916809,0.481609046459198,-0.08217482268810272,0.46678993105888367,0.5540974736213684,-0.06338304281234741,0.4374249577522278,0.5627556443214417,-0.04322751238942146,fist
0.4708903431892395,0.7441492080688477,-3.784183775223937e-07,0.5270166397094727,0.6774792671203613,-0.045201774686574936,0.5728223919868469,0.5704241394996643,-0.07406746596097946,0.5605765581130981,0.49367982149124146,-0.09855260699987411,0.502382218837738,0.5053486227989197,-0.11555501818656921,0.4821188747882843,0.4133969247341156,-0.03646024689078331,0.5220090746879578,0.37895604968070984,-0.0801103487610817,0.5361165404319763,0.47600388526916504,-0.10211092978715897,0.5154942870140076,0.5003725290298462,-0.11522826552391052,0.42092621326446533,0.43948400020599365,-0.037500008940696716,0.46846985816955566,0.4191453456878662,-0.08623886853456497,0.49790918827056885,0.5288110971450806,-0.09983126074075699,0.47251376509666443,0.5353487133979797,-0.10117243975400925,0.3734208941459656,0.4922895133495331,-0.04400813579559326,0.4172864258289337,0.480890691280365,-0.09452439844608307,0.4554435610771179,0.5722442865371704,-0.0847494900226593,0.4328334629535675,0.5794217586517334,-0.06886536628007889,0.3342762589454651,0.5577864050865173,-0.0535745769739151,0.37867337465286255,0.5413826107978821,-0.08398552983999252,0.41360777616500854,0.5999013185501099,-0.07026320695877075,0.3997844457626343,0.6138622760772705,-0.053645871579647064,fist
0.538870632648468,0.725216269493103,-2.774655172288476e-07,0.5796543955802917,0.6524113416671753,-0.0601925402879715,0.6054302453994751,0.547265887260437,-0.09683480113744736,0.5712424516677856,0.5048816800117493,-0.12608394026756287,0.5217109322547913,0.546931266784668,-0.14778780937194824,0.47949934005737305,0.4110717177391052,-0.04955677315592766,0.5222893357276917,0.3880569338798523,-0.09945671260356903,0.5510352849960327,0.4745573401451111,-0.12874557077884674,0.5345443487167358,0.5037864446640015,-0.1466960459947586,0.4221266210079193,0.4580216407775879,-0.043754253536462784,0.4709221124649048,0.44763240218162537,-0.09743013232946396,0.5179896354675293,0.5361165404319763,-0.11657891422510147,0.5004150867462158,0.5513192415237427,-0.12163335829973221,0.3868776559829712,0.5288963913917542,-0.04471395164728165,0.4319165050983429,0.5287200808525085,-0.09611411392688751,0.4839548170566559,0.5943098068237305,-0.09144552052021027,0.47009027004241943,0.6040186882019043,-0.07922197878360748,0.36355799436569214,0.6074850559234619,-0.05026080831885338,0.4017471969127655,0.6023974418640137,-0.07875256985425949,0.4440229535102844,0.6355984210968018,-0.0692078173160553,0.43851596117019653,0.6390859484672546,-0.056590016931295395,fist
0.5050199031829834,0.7469780445098877,-4.0303061155100295e-07,0.5614762902259827,0.6787227392196655,-0.04363414645195007,0.6043041944503784,0.579584002494812,-0.07362113147974014,0.594054639339447,0.5082806944847107,-0.10001026093959808,0.5372200012207031,0.5184980630874634,-0.11957105249166489,0.510345458984375,0.4090542793273926,-0.037989985197782516,0.5551816821098328,0.37807202339172363,-0.0848158448934555,0.5700628757476807,0.4753911793231964,-0.11099034547805786,0.5513740181922913,0.5045598149299622,-0.1263226717710495,0.4505796730518341,0.4392743706703186,-0.04081542417407036,0.4993249177932739,0.4176456928253174,-0.09242206066846848,0.5300781726837158,0.5265101194381714,-0.10923229902982712,0.5085824728012085,0.5433598756790161,-0.11238836497068405,0.40392637252807617,0.495550274848938,-0.048773203045129776,0.44939708709716797,0.48473307490348816,-0.10002841055393219,0.4884520471096039,0.5752070546150208,-0.09140928089618683,0.4687666594982147,0.5886378884315491,-0.07572556287050247,0.36652472615242004,0.5656611919403076,-0.05956394970417023,0.4055393934249878,0.5435956716537476,-0.08848772943019867,0.44216692447662354,0.598965048789978,-0.07334544509649277,0.43333765864372253,0.6155813932418823,-0.05571654811501503,fist
0.43990209698677063,0.7537294626235962,-4.253660392805614e-07,0.5089080333709717,0.7041515111923218,-0.046443477272987366,0.5767165422439575,0.6131533980369568,-0.07691562920808792,0.5890285968780518,0.5336213707923889,-0.10382084548473358,0.5333930253982544,0.5154650807380676,-0.12234426289796829,0.5266247391700745,0.42508238554000854,-0.03756021708250046,0.5777099132537842,0.38849931955337524,-0.08621741086244583,0.571772575378418,0.49688127636909485,-0.10948509722948074,0.5475667715072632,0.5196517705917358,-0.12186753004789352,0.464152991771698,0.4286724328994751,-0.03949709236621857,0.5195680856704712,0.40227603912353516,-0.09325172752141953,0.5251696109771729,0.531256377696991,-0.1061028391122818,0.4992939233779907,0.5364835262298584,-0.10496760904788971,0.4055021405220032,0.4595194458961487,-0.0477079376578331,0.454330712556839,0.4455258250236511,-0.1033414825797081,0.4710198640823364,0.5609164834022522,-0.09095083922147751,0.447378933429718,0.5660802125930786,-0.07106839120388031,0.3495716452598572,0.5053828954696655,-0.05888613313436508,0.3974793553352356,0.485301673412323,-0.08988144993782043,0.4183875322341919,0.561238706111908,-0.07238969206809998,0.40146446228027344,0.5763205289840698,-0.052436720579862595,fist
0.37662363052368164,0.7207537293434143,-4.7241934453268186e-07,0.47236189246177673,0.7136980891227722,-0.028795475140213966,0.5601182579994202,0.6683117151260376,-0.05289037153124809,0.6092879176139832,0.6085835695266724,-0.07868298888206482,0.5833626985549927,0.5474427938461304,-0.09639989584684372,0.5612661838531494,0.48211121559143066,-0.015612938441336155,0.6327980756759644,0.4666306972503662,-0.06584636121988297,0.5962827205657959,0.5587155818939209,-0.08844935148954391,0.5620332360267639,0.567683219909668,-0.09788532555103302,0.5115865468978882,0.4507782757282257,-0.02592901699244976,0.5934354662895203,0.4391123950481415,-0.0789647325873375,0.5534658432006836,0.5588757991790771,-0.08845067024230957,0.5178232192993164,0.5542727112770081,-0.08331923931837082,0.4570735692977905,0.43920835852622986,-0.042912740260362625,0.5283324718475342,0.44164714217185974,-0.09818533807992935,0.49748075008392334,0.5575500726699829,-0.08261778950691223,0.461755633354187,0.5529239773750305,-0.05913708359003067,0.3994351029396057,0.4438266158103943,-0.06159016489982605,0.4668959677219391,0.44837862253189087,-0.09151922166347504,0.45383772253990173,0.5295754075050354,-0.07168029993772507,0.42053040862083435,0.5327908396720886,-0.04943845793604851,fist
0.3283746838569641,0.6516416668891907,-4.3770251068053767e-07,0.4306704103946686,0.6897913217544556,-0.017375832423567772,0.524360179901123,0.6810023784637451,-0.03035854920744896,0.586198627948761,0.6430447101593018,-0.04817414656281471,0.5950140357017517,0.5677241086959839,-0.05897483602166176,0.556133508682251,0.523433268070221,0.006756660062819719,0.6383627653121948,0.5224208235740662,-0.03898150473833084,0.5867589712142944,0.5935179591178894,-0.06050127372145653,0.5461019277572632,0.5953635573387146,-0.06712661683559418,0.5253925323486328,0.4764728248119354,-0.006504039745777845,0.6186752915382385,0.47796499729156494,-0.05707526206970215,0.5517321228981018,0.5687573552131653,-0.070308618247509,0.5086365342140198,0.5592463612556458,-0.06582954525947571,0.4860239326953888,0.4361068606376648,-0.02641054429113865,0.566567599773407,0.4516719877719879,-0.08017342537641525,0.5032284259796143,0.541123628616333,-0.06762963533401489,0.4628405272960663,0.5269430875778198,-0.04355717450380325,0.4361589550971985,0.40000444650650024,-0.04685947671532631,0.5138733983039856,0.42229533195495605,-0.07476762682199478,0.4777565896511078,0.4894525706768036,-0.05341571569442749,0.43968692421913147,0.4817409813404083,-0.029082253575325012,fist
0.32216644287109375,0.5662629008293152,-4.906902972834359e-07,0.40691250562667847,0.6582934856414795,-0.014693183824419975,0.48813366889953613,0.6969607472419739,-0.024629179388284683,0.559664249420166,0.6936074495315552,-0.04139707610011101,0.5978931784629822,0.6310938596725464,-0.05280598998069763,0.5466336607933044,0.586165189743042,0.019762590527534485,0.6232005953788757,0.6154364347457886,-0.018451079726219177,0.563987672328949,0.6504799127578735,-0.0401274748146534,0.5156294703483582,0.6335766315460205,-0.04723719134926796,0.5417103171348572,0.5381824374198914,0.0076944055035710335,0.6255135536193848,0.569139838218689,-0.03438645601272583,0.5487682819366455,0.6088868975639343,-0.050222139805555344,0.499215304851532,0.5821901559829712,-0.04939031973481178,0.5289261937141418,0.48200181126594543,-0.011424550786614418,0.6114775538444519,0.5174272656440735,-0.057910360395908356,0.5362512469291687,0.5611253380775452,-0.05050237104296684,0.48719677329063416,0.5367560386657715,-0.030886221677064896,0.5050992369651794,0.41332364082336426,-0.03153581544756889,0.5778588056564331,0.4586109519004822,-0.05985301360487938,0.5327813625335693,0.5023974776268005,-0.04458566755056381,0.49152734875679016,0.48704010248184204,-0.024445906281471252,fist
0.35339999198913574,0.5567034482955933,-3.245061463985621e-07,0.4253939688205719,0.6672787666320801,-0.005789462942630053,0.4930955171585083,0.7147244811058044,-0.011028369888663292,0.5602667331695557,0.721660315990448,-0.024969782680273056,0.601311981678009,0.6663019061088562,-0.03512768819928169,0.5478056073188782,0.6245526671409607,0.03624054044485092,0.6130961179733276,0.662558913230896,0.003181676147505641,0.5637580156326294,0.6824314594268799,-0.018346605822443962,0.5190283060073853,0.6540893316268921,-0.02506587840616703,0.5507911443710327,0.5760684609413147,0.02188817784190178,0.6287896633148193,0.6143611669540405,-0.01714945398271084,0.5563549995422363,0.6368978023529053,-0.03638233616948128,0.5089393258094788,0.6012400388717651,-0.03683052957057953,0.5483636856079102,0.5180394053459167,0.0013223702553659678,0.6263704299926758,0.5614734888076782,-0.04174300283193588,0.5520257353782654,0.5897580981254578,-0.037414852529764175,0.5049111843109131,0.5543047189712524,-0.019075555726885796,0.5377132296562195,0.4430416226387024,-0.019378546625375748,0.6058964133262634,0.49534639716148376,-0.04413063824176788,0.5614160299301147,0.5297068357467651,-0.028464045375585556,0.5227169990539551,0.5078028440475464,-0.007687918376177549,fist
0.3714919984340668,0.5350217819213867,-1.5518230611633044e-07,0.3850312829017639,0.6663365364074707,-0.0060813878662884235,0.42213329672813416,0.7471607327461243,-0.008821303024888039,0.48104989528656006,0.7902307510375977,-0.019646525382995605,0.5334270596504211,0.7627198100090027,-0.028912020847201347,0.49460214376449585,0.6962109208106995,0.04080763831734657,0.5338631272315979,0.7515181303024292,0.012645050883293152,0.49514368176460266,0.7504976391792297,-0.011068004183471203,0.4626031517982483,0.7129089832305908,-0.019937049597501755,0.5155972838401794,0.6599144339561462,0.030439794063568115,0.5636206269264221,0.7217644453048706,-0.0015326112043112516,0.5064092874526978,0.7076802849769592,-0.023468460887670517,0.47155657410621643,0.6604034304618835,-0.027893630787730217,0.5355443358421326,0.6125149130821228,0.014009599573910236,0.5853426456451416,0.6828092932701111,-0.022680168971419334,0.5229063034057617,0.6741586327552795,-0.02594749629497528,0.4852229356765747,0.6254786849021912,-0.014577123336493969,0.5540593862533569,0.5467487573623657,-0.00268346955999732,0.5992206931114197,0.6179853081703186,-0.02594134770333767,0.5554817914962769,0.6304289102554321,-0.017360154539346695,0.5180593729019165,0.6007217764854431,-0.0022390843369066715,fist
0.49119922518730164,0.734503984451294,-4.2946874145854963e-07,0.5812158584594727,0.7188167572021484,-0.014363199472427368,0.6593188643455505,0.6668180227279663,-0.026947053149342537,0.7073911428451538,0.6119526624679565,-0.04498739913105965,0.6946746110916138,0.5485509634017944,-0.0562586635351181,0.6409943103790283,0.5180688500404358,0.005998332053422928,0.7091386914253235,0.4742141366004944,-0.03670592978596687,0.6853200793266296,0.5643081068992615,-0.056522026658058167,0.6489918828010559,0.5870316028594971,-0.061992038041353226,0.6071459650993347,0.49715402722358704,-0.006532806437462568,0.6860707402229309,0.4615897834300995,-0.052354518324136734,0.6534836292266846,0.5710899829864502,-0.0640193298459053,0.6118621826171875,0.5777907967567444,-0.060360636562108994,0.5680747032165527,0.4814739227294922,-0.02529822289943695,0.6475347876548767,0.456050843000412,-0.07300756126642227,0.6170111298561096,0.5633105039596558,-0.060711249709129333,0.5759316682815552,0.5722532272338867,-0.03877296671271324,0.521154522895813,0.4729243814945221,-0.044832874089479446,0.6007840633392334,0.4598512649536133,-0.06984543055295944,0.5872194766998291,0.5337024927139282,-0.051409341394901276,0.550026535987854,0.5470315217971802,-0.030085770413279533,fist
0.48924368619918823,0.7657521367073059,-3.624914199917839e-07,0.595587968826294,0.6802694201469421,0.004373496398329735,0.6340166926383972,0.5995499491691589,-0.006953529082238674,0.663468062877655,0.5445000529289246,-0.025494638830423355,0.668411135673523,0.5356844067573547,-0.03903493285179138,0.5245543718338013,0.45143142342567444,0.001536223804578185,0.6404860615730286,0.43708503246307373,-0.028822826221585274,0.6390911936759949,0.5083763599395752,-0.04784851148724556,0.6097310781478882,0.532783567905426,-0.06146001070737839,0.5088094472885132,0.47300028800964355,-0.020094092935323715,0.6422742009162903,0.46674877405166626,-0.0473332516849041,0.634926438331604,0.5443239212036133,-0.0500294491648674,0.603580892086029,0.5575143694877625,-0.05192893370985985,0.50931316614151,0.5118370056152344,-0.04481527954339981,0.6366755962371826,0.515216052532196,-0.06523589789867401,0.6247621774673462,0.583940863609314,-0.0518665537238121,0.5902963280677795,0.5977206826210022,-0.0436120331287384,0.5205698609352112,0.5621806383132935,-0.07133529335260391,0.6176214814186096,0.5549414753913879,-0.07850851118564606,0.6114153265953064,0.604063093662262,-0.06668824702501297,0.5854436755180359,0.6210407018661499,-0.06002437323331833,fist
0.5978484153747559,0.6494095325469971,-5.432627858681371e-07,0.5454313158988953,0.5644388794898987,-0.056778013706207275,0.5318437814712524,0.44761258363723755,-0.06993289291858673,0.5426632165908813,0.36364611983299255,-0.06622593849897385,0.5698577165603638,0.3545435965061188,-0.05426923185586929,0.6759704351425171,0.4319950044155121,-0.06011206656694412,0.6111359596252441,0.33283790946006775,-0.0586499385535717,0.5850425958633423,0.3850458562374115,-0.05341494828462601,0.594296395778656,0.42621710896492004,-0.0514974482357502,0.7023093700408936,0.44517573714256287,-0.02536413073539734,0.6303371787071228,0.3438810110092163,-0.029603755101561546,0.6001339554786682,0.388491153717041,-0.02480427175760269,0.60486900806427,0.4289817810058594,-0.021274419501423836,0.7066555023193359,0.45478957891464233,0.00863591954112053,0.6391803622245789,0.36680179834365845,0.002711119595915079,0.6134092807769775,0.4003683924674988,0.00648009916767478,0.6166273355484009,0.43765950202941895,0.009856751188635826,0.7002432346343994,0.46089449524879456,0.038925983011722565,0.6530352830886841,0.393865168094635,0.026184799149632454,0.6353909969329834,0.4188649654388428,0.02316625788807869,0.6376888751983643,0.4512772858142853,0.02519974298775196,fist
0.5417538285255432,0.7173540592193604,-2.4456952019136224e-07,0.5344038009643555,0.6023388504981995,0.0003704653645399958,0.5653066635131836,0.49278998374938965,-0.023643555119633675,0.618265688419342,0.4311947822570801,-0.04734455421566963,0.6639562249183655,0.411170095205307,-0.06648414582014084,0.549924910068512,0.4786665737628937,-0.08366735279560089,0.6679716110229492,0.397378146648407,-0.11833281069993973,0.6646125912666321,0.44457101821899414,-0.12242867797613144,0.6318273544311523,0.47823235392570496,-0.11966856569051743,0.5784708261489868,0.545421302318573,-0.1008896604180336,0.7025655508041382,0.45416179299354553,-0.12806622684001923,0.687863290309906,0.5009289383888245,-0.11153411120176315,0.6512377262115479,0.5348765850067139,-0.0995679721236229,0.615360677242279,0.612148642539978,-0.11478491872549057,0.7240443825721741,0.524027407169342,-0.1276901364326477,0.7026715278625488,0.5629262328147888,-0.09274578094482422,0.6671845316886902,0.5922603607177734,-0.07060177624225616,0.6536113619804382,0.6784525513648987,-0.12862122058868408,0.735248863697052,0.5935708284378052,-0.12551628053188324,0.7133545279502869,0.6193872690200806,-0.09518120437860489,0.6805562973022461,0.6477168202400208,-0.07577995955944061,fist
0.5205526351928711,0.7652064561843872,-3.585215893053828e-07,0.604684054851532,0.681988537311554,-0.0248941071331501,0.6588266491889954,0.6004372239112854,-0.05157088860869408,0.6831929683685303,0.5344979763031006,-0.0798049122095108,0.6529915928840637,0.5136103630065918,-0.10199923813343048,0.5408385992050171,0.44143810868263245,-0.024495262652635574,0.6356003284454346,0.4170941710472107,-0.06778737157583237,0.6464130878448486,0.5047929286956787,-0.09085316210985184,0.6213330626487732,0.5260770916938782,-0.10388285666704178,0.5026958584785461,0.46226203441619873,-0.03539928421378136,0.6137316823005676,0.4541384279727936,-0.07631007581949234,0.621570885181427,0.5553244352340698,-0.08360646665096283,0.5912240743637085,0.5643622875213623,-0.08334309607744217,0.47843697667121887,0.5034878253936768,-0.05125773325562477,0.5847068428993225,0.5002151727676392,-0.09036826342344284,0.5945029258728027,0.5881389379501343,-0.07885918021202087,0.5676501989364624,0.6011614203453064,-0.06457775831222534,0.4658268690109253,0.556988537311554,-0.06982307881116867,0.5490803718566895,0.5407552719116211,-0.08928738534450531,0.559639036655426,0.5974401831626892,-0.07596997171640396,0.5379762649536133,0.6168920993804932,-0.06223604828119278,fist
0.4600449204444885,0.6938889026641846,-2.198326711777554e-07,0.46217167377471924,0.5828092098236084,0.0015332980547100306,0.4861946105957031,0.47265928983688354,-0.019487740471959114,0.5277564525604248,0.40987712144851685,-0.04384757950901985,0.5645174980163574,0.38768893480300903,-0.06439768522977829,0.46025794744491577,0.4062190651893616,-0.05619910731911659,0.5854831337928772,0.3487594723701477,-0.09344713389873505,0.5827789902687073,0.40368348360061646,-0.10624001920223236,0.5509254336357117,0.4264429211616516,-0.11312035471200943,0.47106704115867615,0.458568274974823,-0.07860412448644638,0.6118769645690918,0.40016621351242065,-0.10947681218385696,0.5977185368537903,0.4556976556777954,-0.10248775035142899,0.5614721775054932,0.4768426716327667,-0.09867437928915024,0.4932864308357239,0.5218188762664795,-0.10041390359401703,0.625208854675293,0.4669133424758911,-0.12088209390640259,0.6049829721450806,0.5153443813323975,-0.09899566322565079,0.5683537125587463,0.5318663716316223,-0.08588588982820511,0.5216977000236511,0.5900623202323914,-0.12276215106248856,0.6276991367340088,0.535995602607727,-0.12830132246017456,0.610914945602417,0.5689133405685425,-0.10955529659986496,0.5765881538391113,0.5878021121025085,-0.0980968326330185,fist
0.4996226131916046,0.7368067502975464,-7.753942554700188e-07,0.4615006148815155,0.6006107926368713,-0.0060457512736320496,0.4711490273475647,0.48993486166000366,-0.011367185972630978,0.5130757093429565,0.4119027256965637,-0.009636512026190758,0.5528010129928589,0.3931479752063751,-0.002794335363432765,0.574194073677063,0.523381233215332,-0.059478435665369034,0.5875636339187622,0.38156428933143616,-0.04877769947052002,0.5504110455513,0.4129907488822937,-0.021549750119447708,0.5352196097373962,0.45723265409469604,-0.0032432093285024166,0.6274505257606506,0.5608405470848083,-0.05083003640174866,0.6305394172668457,0.40598180890083313,-0.04885126277804375,0.5911267399787903,0.42794257402420044,-0.027022872120141983,0.5747226476669312,0.4681095778942108,-0.012549523264169693,0.659110963344574,0.5940068364143372,-0.03519868478178978,0.6519601345062256,0.4583643972873688,-0.03156319633126259,0.6179940700531006,0.4729697108268738,-0.012166077271103859,0.6016197800636292,0.5093393325805664,-0.0011606208281591535,0.6730782985687256,0.6203019618988037,-0.017870793119072914,0.6627954244613647,0.5173860192298889,-0.016180267557501793,0.6345758438110352,0.5239940285682678,-0.004652774427086115,0.6210212111473083,0.5555718541145325,0.004014688078314066,fist
0.5801173448562622,0.6687110662460327,-5.128300699652755e-07,0.5373401045799255,0.5817136168479919,-0.057884979993104935,0.535781979560852,0.47436103224754333,-0.07179706543684006,0.5529656410217285,0.3977312445640564,-0.06814718246459961,0.5772894620895386,0.3894515037536621,-0.05604597553610802,0.6745848655700684,0.4802241325378418,-0.06628844141960144,0.6251109838485718,0.37305688858032227,-0.06475137919187546,0.594995379447937,0.41927599906921387,-0.05769934505224228,0.5996946096420288,0.4587542414665222,-0.05446214601397514,0.6968977451324463,0.49477651715278625,-0.03141571953892708,0.6417954564094543,0.38102957606315613,-0.03570123016834259,0.6081377267837524,0.41845569014549255,-0.03010472096502781,0.6087621450424194,0.4585152864456177,-0.02629558928310871,0.6992737054824829,0.5022966861724854,0.0029732217080891132,0.6469573974609375,0.4039459228515625,-0.00223896955139935,0.6184608340263367,0.4316976070404053,0.0017073864582926035,0.61845862865448,0.4676175117492676,0.004734180402010679,0.6915145516395569,0.5056237578392029,0.033605702221393585,0.6543610095977783,0.4323115050792694,0.023184848949313164,0.6363326907157898,0.45285746455192566,0.02069063112139702,0.6368076205253601,0.4828310012817383,0.022200699895620346,fist
0.6167060136795044,0.6553490161895752,-2.8995489742555947e-07,0.6091004014015198,0.5933181643486023,-0.08605146408081055,0.6257535219192505,0.5116178393363953,-0.10425172001123428,0.6280542612075806,0.4381129741668701,-0.10062476992607117,0.6143174171447754,0.39027923345565796,-0.08590217679738998,0.7370550036430359,0.4904974102973938,-0.056983523070812225,0.6827911138534546,0.3870927095413208,-0.07739709317684174,0.650512158870697,0.4333531856536865,-0.08798152208328247,0.6577379703521729,0.4734402894973755,-0.08932608366012573,0.7297736406326294,0.4855494797229767,-0.009583310224115849,0.684567391872406,0.385420560836792,-0.03439103439450264,0.6525441408157349,0.43077126145362854,-0.044113386422395706,0.6557785272598267,0.4705999195575714,-0.042360156774520874,0.7120479941368103,0.4778161644935608,0.030482618138194084,0.6740052700042725,0.39655956625938416,0.006679352838546038,0.647950291633606,0.43391209840774536,-0.0030121009331196547,0.6554881930351257,0.4694061577320099,-0.0004921124782413244,0.6933472752571106,0.4705772399902344,0.06446859985589981,0.6674630641937256,0.40895143151283264,0.04827345907688141,0.6503050923347473,0.43547821044921875,0.04013869911432266,0.6514845490455627,0.47162771224975586,0.04197261109948158,fist
0.5401067733764648,0.6973906755447388,-2.8025388587593625e-07,0.508987545967102,0.5859463810920715,-0.008528382517397404,0.5233454704284668,0.4860134422779083,-0.028872257098555565,0.5727130174636841,0.43887460231781006,-0.04549521580338478,0.6224320530891418,0.4393240213394165,-0.0585259310901165,0.52726811170578,0.5067142844200134,-0.07610111683607101,0.6051035523414612,0.39778757095336914,-0.09916242212057114,0.5944204926490784,0.4346016049385071,-0.0994436964392662,0.5708104968070984,0.47246024012565613,-0.09472000598907471,0.5783610343933105,0.5559138655662537,-0.08080100268125534,0.6478748917579651,0.43797925114631653,-0.09366225451231003,0.6329537034034729,0.4662044644355774,-0.08062051981687546,0.6094352006912231,0.506613552570343,-0.07132114470005035,0.6264249682426453,0.5984069108963013,-0.08202551305294037,0.6773078441619873,0.4897420406341553,-0.08325125277042389,0.6600069999694824,0.5110122561454773,-0.059941984713077545,0.6376768350601196,0.5460118055343628,-0.04641466960310936,0.668198823928833,0.6341448426246643,-0.08350122720003128,0.6945031881332397,0.5389549732208252,-0.07643811404705048,0.6763312816619873,0.5560035705566406,-0.054318107664585114,0.6611039638519287,0.589012086391449,-0.040441159158945084,fist
0.5151584148406982,0.6924876570701599,-2.3007268623587152e-07,0.49711477756500244,0.5876526236534119,-0.0011080545373260975,0.5163853764533997,0.48776906728744507,-0.021417967975139618,0.5670469403266907,0.4358294606208801,-0.04177463427186012,0.6173887252807617,0.4245651364326477,-0.05808321759104729,0.5075950622558594,0.4668588936328888,-0.06193920224905014,0.6058999300003052,0.38285642862319946,-0.09088688343763351,0.6046022772789001,0.42896613478660583,-0.09734590351581573,0.577869176864624,0.46173450350761414,-0.09718544781208038,0.5447080135345459,0.5186123847961426,-0.07608626782894135,0.6432267427444458,0.430644154548645,-0.0950397476553917,0.6322139501571655,0.47375431656837463,-0.08391981571912766,0.5989382266998291,0.505424439907074,-0.07623884081840515,0.5861359238624573,0.5735624432563782,-0.08809332549571991,0.6666898131370544,0.4934999644756317,-0.09599053859710693,0.6516790986061096,0.5335543155670166,-0.06833153963088989,0.6209681630134583,0.562507688999176,-0.05155431851744652,0.6258276700973511,0.629463255405426,-0.10031364858150482,0.682627260684967,0.5535131692886353,-0.0974414274096489,0.6654998064041138,0.584534227848053,-0.07157272845506668,0.6394878029823303,0.6124814748764038,-0.05473101884126663,fist
0.4885648488998413,0.7160353660583496,-1.4399815029264573e-07,0.5489653944969177,0.6216618418693542,-0.0031469769310206175,0.5780206918716431,0.5331934094429016,-0.020835276693105698,0.6085574626922607,0.4807446300983429,-0.04200005158782005,0.6359798312187195,0.46722298860549927,-0.059487562626600266,0.48686349391937256,0.4244236350059509,-0.03599007800221443,0.5980938076972961,0.38435080647468567,-0.06625086069107056,0.6110958456993103,0.44041207432746887,-0.07847266644239426,0.5898000597953796,0.4672633409500122,-0.08634886145591736,0.48167791962623596,0.4713383615016937,-0.05287466570734978,0.6148285269737244,0.43471914529800415,-0.07599535584449768,0.6164356470108032,0.49282288551330566,-0.07032518088817596,0.5892634987831116,0.5109758377075195,-0.06883560121059418,0.49079757928848267,0.5312813520431519,-0.07094079256057739,0.6201580166816711,0.504112720489502,-0.08846506476402283,0.6113996505737305,0.5527817606925964,-0.07265377789735794,0.5798434019088745,0.5661219954490662,-0.06467922776937485,0.5096251964569092,0.5952757596969604,-0.09040459990501404,0.6126248836517334,0.5688254833221436,-0.09673818200826645,0.6048829555511475,0.6018263697624207,-0.08472418785095215,0.5758911967277527,0.6162536144256592,-0.07877060025930405,fist
0.4202726185321808,0.6816466450691223,-3.695088821586978e-07,0.4971151649951935,0.6280617713928223,-0.0323549322783947,0.5649892091751099,0.5538094639778137,-0.0574551485478878,0.5918887853622437,0.4792591631412506,-0.08215263485908508,0.5480626225471497,0.45535343885421753,-0.09996705502271652,0.5078917741775513,0.3776503801345825,-0.020303621888160706,0.5703613758087158,0.35430532693862915,-0.06437696516513824,0.5627219676971436,0.4498337507247925,-0.08494219928979874,0.5374799370765686,0.4738154113292694,-0.09451033174991608,0.4563683271408081,0.37654975056648254,-0.026044508442282677,0.529060423374176,0.35909348726272583,-0.07339968532323837,0.524626612663269,0.47782760858535767,-0.08204388618469238,0.49411505460739136,0.494978666305542,-0.07818816602230072,0.4055192768573761,0.3968398869037628,-0.03780071437358856,0.4760167598724365,0.39003437757492065,-0.0874747484922409,0.47696900367736816,0.5016711354255676,-0.07534896582365036,0.44623011350631714,0.5215346217155457,-0.0554964579641819,0.35568851232528687,0.4335492253303528,-0.05168677866458893,0.4211597740650177,0.42079269886016846,-0.07872972637414932,0.4308565855026245,0.49719464778900146,-0.06344000995159149,0.40667954087257385,0.5187256932258606,-0.04493880644440651,fist
0.36906200647354126,0.6788976192474365,-3.9198604895318567e-07,0.4518878161907196,0.64437335729599,-0.03050556592643261,0.5305355787277222,0.5731980800628662,-0.05099377781152725,0.5619717240333557,0.49954086542129517,-0.07192254811525345,0.5145508050918579,0.4725165367126465,-0.08667290210723877,0.49853888154029846,0.39572739601135254,-0.016429373994469643,0.5562209486961365,0.3710887134075165,-0.057540517300367355,0.5355840921401978,0.46637481451034546,-0.07888954877853394,0.5114476680755615,0.4844810962677002,-0.09038320928812027,0.44560861587524414,0.38531970977783203,-0.02432086318731308,0.5063891410827637,0.36686381697654724,-0.06980003416538239,0.48920202255249023,0.4844873249530792,-0.08050932735204697,0.46315017342567444,0.4976181387901306,-0.07866812497377396,0.38945144414901733,0.39489755034446716,-0.03806102275848389,0.44757649302482605,0.3889753818511963,-0.08701491355895996,0.43984392285346985,0.5018189549446106,-0.07574978470802307,0.41559264063835144,0.5162379145622253,-0.056616734713315964,0.33228230476379395,0.4204466640949249,-0.05382811650633812,0.39068159461021423,0.4094959497451782,-0.08044864982366562,0.3955620527267456,0.486550897359848,-0.06347568333148956,0.3765484392642975,0.5048760175704956,-0.044486235827207565,fist
0.41199108958244324,0.6519078016281128,-1.9396641448565788e-07,0.4055308997631073,0.5374494791030884,0.007482178974896669,0.4319969415664673,0.4356768727302551,-0.010529044084250927,0.48263606429100037,0.38150954246520996,-0.03171181306242943,0.5276362895965576,0.3655622601509094,-0.049474798142910004,0.4140044152736664,0.37767791748046875,-0.05254368111491203,0.5279374718666077,0.3135145306587219,-0.08058060705661774,0.5306098461151123,0.36291295289993286,-0.08663351833820343,0.5039888024330139,0.39075967669487,-0.08821765333414078,0.4370373785495758,0.4305990934371948,-0.07382199168205261,0.5602388381958008,0.3611752688884735,-0.09325370192527771,0.552661120891571,0.41293078660964966,-0.08205641061067581,0.5213799476623535,0.44095128774642944,-0.07597468048334122,0.4688034951686859,0.4920920133590698,-0.09285180270671844,0.580676794052124,0.4320245385169983,-0.10180393606424332,0.5633708834648132,0.47633370757102966,-0.07606371492147446,0.52918541431427,0.4980597496032715,-0.06186187267303467,0.5025841593742371,0.5575294494628906,-0.11182310432195663,0.5902867317199707,0.5008898973464966,-0.1088191419839859,0.5719842314720154,0.5333102941513062,-0.08533603698015213,0.538257896900177,0.554119348526001,-0.07113693654537201,fist
0.46466949582099915,0.7932435274124146,6.101114990997303e-07,0.5448528528213501,0.753480076789856,-0.04396185278892517,0.6067761778831482,0.6844459772109985,-0.07495445013046265,0.6624802947044373,0.6339796185493469,-0.10272398591041565,0.7125058770179749,0.596939206123352,-0.13336703181266785,0.5486167669296265,0.5537642240524292,-0.07931758463382721,0.5712044835090637,0.44015246629714966,-0.12159039825201035,0.5835171937942505,0.36516451835632324,-0.15106713771820068,0.5922064185142517,0.29391586780548096,-0.17308774590492249,0.4930322468280792,0.5494644641876221,-0.08606472611427307,0.4878900647163391,0.42342931032180786,-0.12587852776050568,0.4887268543243408,0.33622831106185913,-0.15444105863571167,0.4861963987350464,0.2534777820110321,-0.17676672339439392,0.4421924948692322,0.5789624452590942,-0.09564237296581268,0.4233657121658325,0.4650008976459503,-0.13501405715942383,0.4164128303527832,0.378071129322052,-0.16186094284057617,0.4101027548313141,0.2953878939151764,-0.181377112865448,0.3995838761329651,0.6325293779373169,-0.10820713639259338,0.3571522831916809,0.5561347603797913,-0.14699310064315796,0.3279324173927307,0.5014776587486267,-0.1668308526277542,0.30258744955062866,0.4442412853240967,-0.18047860264778137,open_palm
0.49097883701324463,0.8075886368751526,4.3287099060762557e-07,0.5583977103233337,0.7669899463653564,-0.04291622340679169,0.5944145917892456,0.6824249029159546,-0.07043870538473129,0.6094968318939209,0.6075412034988403,-0.09346456825733185,0.6279596090316772,0.5347694158554077,-0.11931847035884857,0.5637734532356262,0.5887910723686218,-0.08007796108722687,0.5650519728660583,0.4844011962413788,-0.1257227510213852,0.5583845973014832,0.4134702682495117,-0.15586933493614197,0.548918604850769,0.3473781645298004,-0.17749367654323578,0.5209524035453796,0.591189980506897,-0.08610279113054276,0.5164443850517273,0.4624578058719635,-0.13291825354099274,0.5091496109962463,0.3783203959465027,-0.16545189917087555,0.5001896619796753,0.2985003888607025,-0.18923428654670715,0.47871455550193787,0.6185210347175598,-0.09464186429977417,0.4683589041233063,0.5038102865219116,-0.14014466106891632,0.46344953775405884,0.42405158281326294,-0.1676398366689682,0.45820352435112,0.3492603600025177,-0.18605360388755798,0.4375397562980652,0.6627599596977234,-0.1053188145160675,0.427612841129303,0.5785114765167236,-0.1471310257911682,0.4254922568798065,0.518683910369873,-0.16888725757598877,0.42262423038482666,0.45990291237831116,-0.18385593593120575,open_palm
0.484250009059906,0.8000476360321045,5.355698249331908e-07,0.5577242374420166,0.7602623105049133,-0.03948049247264862,0.6039221286773682,0.677070140838623,-0.0641874372959137,0.6335068941116333,0.6010798811912537,-0.08465694636106491,0.6656562089920044,0.5328291654586792,-0.10812456905841827,0.567930281162262,0.5818377137184143,-0.07508699595928192,0.5888165831565857,0.4771389365196228,-0.11680831760168076,0.5977102518081665,0.40558362007141113,-0.14413012564182281,0.6036257147789001,0.3381221890449524,-0.1644207388162613,0.5216627717018127,0.5793271660804749,-0.08225971460342407,0.5242072939872742,0.455020010471344,-0.12528227269649506,0.5252710580825806,0.3700690269470215,-0.15594562888145447,0.5243576169013977,0.2891339361667633,-0.17893266677856445,0.47588130831718445,0.6082061529159546,-0.09151487797498703,0.47092321515083313,0.49888700246810913,-0.13540610671043396,0.4688689112663269,0.41725093126296997,-0.16320915520191193,0.4673120677471161,0.3395048975944519,-0.18228928744792938,0.4321388304233551,0.6575077772140503,-0.102371446788311,0.41186949610710144,0.5803473591804504,-0.14579126238822937,0.3999115228652954,0.5232470035552979,-0.16785143315792084,0.38863927125930786,0.46373045444488525,-0.1824265420436859,open_palm
0.3526194989681244,0.7950220108032227,4.447243213689944e-07,0.33547213673591614,0.6744289994239807,-0.020808633416891098,0.33259809017181396,0.5555537939071655,-0.046137455850839615,0.3306625485420227,0.4577246308326721,-0.06747400015592575,0.3199527859687805,0.38104382157325745,-0.0904247984290123,0.4303146302700043,0.5708107352256775,-0.07749505341053009,0.469410240650177,0.42813509702682495,-0.10918297618627548,0.49348723888397217,0.3494945466518402,-0.12329159677028656,0.5172900557518005,0.2862122356891632,-0.1312122642993927,0.4770291745662689,0.6188877820968628,-0.08281587809324265,0.5409921407699585,0.4810808300971985,-0.1165924146771431,0.5843018889427185,0.40017402172088623,-0.13167205452919006,0.6218026876449585,0.33934998512268066,-0.14109481871128082,0.5074859261512756,0.676429808139801,-0.08585429191589355,0.5813158750534058,0.572841465473175,-0.11934026330709457,0.629675030708313,0.5150830149650574,-0.1332520842552185,0.6682589650154114,0.4713055491447449,-0.13938452303409576,0.525619626045227,0.732555627822876,-0.08775295317173004,0.5976600050926208,0.6707776784896851,-0.11326353251934052,0.6415440440177917,0.6408615708351135,-0.1189824789762497,0.6807205080986023,0.616797685623169,-0.12016843259334564,open_palm
0.36329349875450134,0.7975131273269653,3.258155913954397e-07,0.32777923345565796,0.6752511262893677,-0.022590458393096924,0.3369447588920593,0.5762877464294434,-0.04272369295358658,0.3798719048500061,0.5025817155838013,-0.05741213634610176,0.4137279987335205,0.4358220100402832,-0.07232934236526489,0.4170396029949188,0.5753519535064697,-0.07139546424150467,0.4659195840358734,0.4398037791252136,-0.10168993473052979,0.4935520887374878,0.364321768283844,-0.11424461007118225,0.5193415880203247,0.3045376241207123,-0.12029553204774857,0.470927357673645,0.6197357773780823,-0.07346586138010025,0.5234341621398926,0.47271525859832764,-0.10567906498908997,0.5597396492958069,0.3874295651912689,-0.11918966472148895,0.5918539762496948,0.3223145604133606,-0.12632717192173004,0.5087121725082397,0.6696082353591919,-0.07409895956516266,0.5663011074066162,0.5497204661369324,-0.10422269999980927,0.6070327758789062,0.4807865619659424,-0.11533312499523163,0.6407169103622437,0.4282708764076233,-0.11928004026412964,0.5308191776275635,0.717007577419281,-0.07438645511865616,0.5806832313537598,0.6258195638656616,-0.09711873531341553,0.6126095056533813,0.575279712677002,-0.10194273293018341,0.6421486139297485,0.5367793440818787,-0.10191810876131058,open_palm
0.39190036058425903,0.7355532646179199,7.516499067605764e-07,0.3363169729709625,0.6538007855415344,-0.01921086572110653,0.3137761354446411,0.5614117383956909,-0.046378083527088165,0.32714131474494934,0.4817682206630707,-0.06768590211868286,0.3507736921310425,0.42158031463623047,-0.09030304104089737,0.34731659293174744,0.5625895261764526,-0.10212989896535873,0.38571247458457947,0.419601172208786,-0.14230865240097046,0.4046509265899658,0.3370550274848938,-0.15793728828430176,0.42042914032936096,0.27326348423957825,-0.1647334098815918,0.40030577778816223,0.5917841792106628,-0.10857059806585312,0.4346804618835449,0.43443986773490906,-0.15077537298202515,0.45427343249320984,0.3398071229457855,-0.16537892818450928,0.46872958540916443,0.26822277903556824,-0.17266744375228882,0.45216307044029236,0.6181396842002869,-0.1107335165143013,0.48038676381111145,0.4714204668998718,-0.1450352519750595,0.4953600764274597,0.3821515142917633,-0.15435586869716644,0.5040309429168701,0.3108378052711487,-0.1575814187526703,0.4966122508049011,0.6400625109672546,-0.11169464886188507,0.5185259580612183,0.5229716897010803,-0.13859570026397705,0.528563916683197,0.45375582575798035,-0.14431607723236084,0.5373060703277588,0.39427125453948975,-0.14511394500732422,open_palm
0.353402704000473,0.7923689484596252,5.519270303011581e-07,0.3269057273864746,0.6833087801933289,-0.019595151767134666,0.3039112091064453,0.577006459236145,-0.043101079761981964,0.26767227053642273,0.49296391010284424,-0.06406345963478088,0.22541433572769165,0.4478985071182251,-0.087347112596035,0.41628241539001465,0.5544233918190002,-0.06408551335334778,0.43170154094696045,0.41775017976760864,-0.09026144444942474,0.4415315091609955,0.33696457743644714,-0.10517913103103638,0.45367345213890076,0.27289915084838867,-0.11537625640630722,0.4663727879524231,0.5815358757972717,-0.06728378683328629,0.5193867087364197,0.45571693778038025,-0.09347109496593475,0.5613126754760742,0.38371336460113525,-0.10886520892381668,0.600122332572937,0.3311249613761902,-0.12083981931209564,0.49832645058631897,0.6230735778808594,-0.06881118565797806,0.5681037306785583,0.5330528020858765,-0.09783370047807693,0.6233439445495605,0.4892311096191406,-0.11929134279489517,0.6692819595336914,0.4583751857280731,-0.13296668231487274,0.515078604221344,0.667463481426239,-0.06940899044275284,0.588945746421814,0.6384072303771973,-0.09645206481218338,0.6376504898071289,0.6341369152069092,-0.10946068167686462,0.6803531646728516,0.6324127316474915,-0.11706525832414627,open_palm
0.37025633454322815,0.7634813785552979,4.2998672711291874e-07,0.33007773756980896,0.6622319221496582,-0.022605735808610916,0.31024816632270813,0.5584176778793335,-0.05008450895547867,0.2982454001903534,0.46964120864868164,-0.07288265973329544,0.274460107088089,0.400976300239563,-0.09725253283977509,0.40044569969177246,0.5501320362091064,-0.08341813087463379,0.42414459586143494,0.4097532033920288,-0.11437647044658661,0.4385012090206146,0.33249086141586304,-0.12704318761825562,0.4529443681240082,0.2686209976673126,-0.13300445675849915,0.45219922065734863,0.5832737684249878,-0.08572600781917572,0.4989466071128845,0.4383929371833801,-0.11674980074167252,0.5318973660469055,0.3589320778846741,-0.12780630588531494,0.5611824989318848,0.2991131544113159,-0.13375718891620636,0.4904657006263733,0.6227452754974365,-0.08519111573696136,0.541637659072876,0.5009922981262207,-0.11205025762319565,0.5776385068893433,0.43498653173446655,-0.1200566217303276,0.6066905856132507,0.38417139649391174,-0.12248576432466507,0.51775062084198,0.6580023765563965,-0.08402944356203079,0.5625494718551636,0.5585854053497314,-0.10218137502670288,0.5887673497200012,0.5101089477539062,-0.1023440882563591,0.612984836101532,0.471651554107666,-0.09974821656942368,open_palm
0.3695400655269623,0.7685791850090027,4.3316487108313595e-07,0.3249598741531372,0.6617150902748108,-0.02318399026989937,0.3279160261154175,0.5581561326980591,-0.043305106461048126,0.36158645153045654,0.4757164716720581,-0.05717318877577782,0.3873822093009949,0.40832704305648804,-0.07141684740781784,0.3849574029445648,0.5627579092979431,-0.0803736075758934,0.4272063672542572,0.4221043586730957,-0.11201491951942444,0.45221084356307983,0.3455401659011841,-0.12419579178094864,0.47444525361061096,0.2852409780025482,-0.12930962443351746,0.43909144401550293,0.5978277325630188,-0.08111121505498886,0.4806653559207916,0.44587942957878113,-0.11110374331474304,0.509580671787262,0.3584977388381958,-0.12114018201828003,0.5345185995101929,0.2944040894508362,-0.12668068706989288,0.48234274983406067,0.6331918239593506,-0.08011024445295334,0.524772047996521,0.497994601726532,-0.10562977194786072,0.5544014573097229,0.4184560775756836,-0.11380283534526825,0.5784574151039124,0.3598673939704895,-0.11722565442323685,0.5123259425163269,0.6640894412994385,-0.0791698545217514,0.5476759672164917,0.55655437707901,-0.10022846609354019,0.5694209933280945,0.4958013594150543,-0.10515531897544861,0.5898786783218384,0.44813668727874756,-0.10598672926425934,open_palm
0.37495389580726624,0.8056446313858032,5.662628268510161e-07,0.4539164900779724,0.7879011631011963,-0.06095995381474495,0.504669725894928,0.7110111713409424,-0.09789624810218811,0.5248972177505493,0.6331804394721985,-0.12738440930843353,0.5511836409568787,0.5539647936820984,-0.1600080281496048,0.4764619767665863,0.5936336517333984,-0.1044773980975151,0.48917636275291443,0.4798089861869812,-0.15781502425670624,0.48792657256126404,0.40230315923690796,-0.19340701401233673,0.4829410910606384,0.3283815085887909,-0.2187861055135727,0.42541494965553284,0.5844582319259644,-0.10498853027820587,0.43357372283935547,0.4437662661075592,-0.15706224739551544,0.43400537967681885,0.35004037618637085,-0.19500011205673218,0.4324719309806824,0.25761863589286804,-0.22350044548511505,0.37399476766586304,0.601622998714447,-0.1089605838060379,0.37923285365104675,0.475786417722702,-0.1594354659318924,0.38432514667510986,0.3899490237236023,-0.19292691349983215,0.38769832253456116,0.3087039291858673,-0.21603353321552277,0.32288658618927,0.6370549201965332,-0.11630762368440628,0.3231336176395416,0.5430653095245361,-0.1631895899772644,0.32700908184051514,0.47838932275772095,-0.18955256044864655,0.3291938602924347,0.4156750440597534,-0.2081659436225891,open_palm
0.37599316239356995,0.8351402282714844,5.152871267455339e-07,0.4722139239311218,0.8134762048721313,-0.04549690708518028,0.5516751408576965,0.7481551170349121,-0.07694846391677856,0.6171451807022095,0.6967556476593018,-0.10365405678749084,0.6721529960632324,0.651235044002533,-0.1349017322063446,0.5017224550247192,0.6430791020393372,-0.1048882007598877,0.5382682085037231,0.5195637345314026,-0.1489875614643097,0.5567042231559753,0.43794143199920654,-0.17561621963977814,0.571713387966156,0.3656233549118042,-0.19693978130817413,0.4407993257045746,0.6321510076522827,-0.11449501663446426,0.4480706751346588,0.48670271039009094,-0.1587580442428589,0.45447149872779846,0.387957364320755,-0.19094203412532806,0.45569515228271484,0.30044281482696533,-0.21719911694526672,0.3817790746688843,0.6577807664871216,-0.12464798986911774,0.36167144775390625,0.5267851948738098,-0.17246094346046448,0.35353168845176697,0.43530192971229553,-0.20791426301002502,0.3461248278617859,0.3521561622619629,-0.2353770136833191,0.33169227838516235,0.7123511433601379,-0.13642042875289917,0.26945793628692627,0.6439647078514099,-0.1868564337491989,0.2275189608335495,0.5949668884277344,-0.21487292647361755,0.19209906458854675,0.5471696853637695,-0.23520433902740479,open_palm
0.38179925084114075,0.8197575211524963,4.1449135324000963e-07,0.4752584397792816,0.8022730350494385,-0.046467993408441544,0.5492416620254517,0.7441124320030212,-0.07806054502725601,0.6148772239685059,0.7005263566970825,-0.10510259866714478,0.6712867617607117,0.6644007563591003,-0.1364978402853012,0.49833017587661743,0.6288214921951294,-0.09630817174911499,0.5249865055084229,0.5064910650253296,-0.13894110918045044,0.5379266142845154,0.42457664012908936,-0.1661730259656906,0.5490503907203674,0.3517988920211792,-0.18778114020824432,0.442554235458374,0.6223503351211548,-0.10467462241649628,0.4451369643211365,0.4801654815673828,-0.1453544944524765,0.4479914605617523,0.38415205478668213,-0.17555701732635498,0.4488418698310852,0.29554420709609985,-0.20097804069519043,0.3860650062561035,0.6479319334030151,-0.11451105773448944,0.3765020966529846,0.5190669894218445,-0.15777407586574554,0.3729431629180908,0.4292602837085724,-0.18808682262897491,0.3723905086517334,0.34523048996925354,-0.2119896411895752,0.33433201909065247,0.6984076499938965,-0.1267816126346588,0.28497427701950073,0.6173554062843323,-0.17285870015621185,0.25465068221092224,0.5653955936431885,-0.1961609423160553,0.23047105967998505,0.5141609907150269,-0.213108092546463,open_palm
0.38180986046791077,0.8219121694564819,4.4161191681268974e-07,0.47219717502593994,0.7973145246505737,-0.050492797046899796,0.5399974584579468,0.7321196794509888,-0.08553732931613922,0.5947638750076294,0.6778268814086914,-0.11502651870250702,0.6461220383644104,0.6274033784866333,-0.14884662628173828,0.4938080310821533,0.6142599582672119,-0.10013207048177719,0.517608642578125,0.4985964298248291,-0.1472298502922058,0.5277340412139893,0.4202237129211426,-0.1788690835237503,0.5363264083862305,0.34647655487060547,-0.2037244588136673,0.4413628578186035,0.6111626029014587,-0.10797816514968872,0.4435528516769409,0.4751984477043152,-0.15382331609725952,0.44391557574272156,0.3837912082672119,-0.18956559896469116,0.44436338543891907,0.29347774386405945,-0.21905674040317535,0.3871220052242279,0.6400907039642334,-0.11773344874382019,0.38331952691078186,0.5171975493431091,-0.1658034473657608,0.38224077224731445,0.4295206665992737,-0.20029738545417786,0.3834001123905182,0.3435498774051666,-0.22685135900974274,0.3368270695209503,0.6920716762542725,-0.12977346777915955,0.2989959120750427,0.6091285347938538,-0.17955653369426727,0.2774420380592346,0.552504301071167,-0.206525519490242,0.26084136962890625,0.49329835176467896,-0.2262653261423111,open_palm
0.38246986269950867,0.8247195482254028,5.671351459568541e-07,0.46961262822151184,0.7996623516082764,-0.052657853811979294,0.532352089881897,0.7336007356643677,-0.08857085555791855,0.581242024898529,0.6734519600868225,-0.11835649609565735,0.6296793222427368,0.6179713010787964,-0.15196315944194794,0.48633381724357605,0.6128648519515991,-0.10194951295852661,0.5106948018074036,0.5001606941223145,-0.15089856088161469,0.520836591720581,0.4245273470878601,-0.1829901784658432,0.5288476943969727,0.35104718804359436,-0.20749087631702423,0.4336121380329132,0.6078599095344543,-0.10822641104459763,0.4378224015235901,0.4738571047782898,-0.15671153366565704,0.43922457098960876,0.3837606906890869,-0.19289220869541168,0.43959200382232666,0.2950849235057831,-0.2215029001235962,0.3798830211162567,0.6370159983634949,-0.11664361506700516,0.3736278712749481,0.5192627310752869,-0.16663698852062225,0.3736012578010559,0.4316249489784241,-0.20095227658748627,0.37509140372276306,0.3468526005744934,-0.2260792851448059,0.3302174508571625,0.6890743374824524,-0.127415269613266,0.2980848550796509,0.6071274280548096,-0.17743854224681854,0.27796632051467896,0.5488829016685486,-0.2039414346218109,0.26162323355674744,0.4868656396865845,-0.22258521616458893,open_palm
0.39746737480163574,0.8283058404922485,5.726143967876851e-07,0.47559231519699097,0.8045120239257812,-0.0494125671684742,0.5288225412368774,0.7366430759429932,-0.08384449034929276,0.5678227543830872,0.6751847863197327,-0.11296208202838898,0.6113805770874023,0.6192927956581116,-0.1462176889181137,0.4875025749206543,0.6234728097915649,-0.09463857859373093,0.5046629309654236,0.5225624442100525,-0.14494042098522186,0.5105494856834412,0.4527914226055145,-0.1790812462568283,0.5145402550697327,0.38466447591781616,-0.20403911173343658,0.43900468945503235,0.6211881637573242,-0.10161348432302475,0.4396062195301056,0.4920441508293152,-0.14923232793807983,0.43723881244659424,0.404768705368042,-0.18327124416828156,0.43469205498695374,0.31783580780029297,-0.20930354297161102,0.3892573118209839,0.6521347165107727,-0.11114465445280075,0.3820452094078064,0.5377009510993958,-0.1602422595024109,0.3801650106906891,0.4568265676498413,-0.18977628648281097,0.3797648251056671,0.3775326609611511,-0.2102470099925995,0.34254494309425354,0.7042871713638306,-0.12301728874444962,0.3221716582775116,0.622309684753418,-0.17097337543964386,0.31175875663757324,0.5647251009941101,-0.1938856840133667,0.303223192691803,0.505759596824646,-0.20912830531597137,open_palm
0.4047149419784546,0.7697466611862183,4.4431180867832154e-07,0.4486692249774933,0.6799671649932861,0.013468274846673012,0.45667555928230286,0.5782338380813599,0.009030173532664776,0.4662424623966217,0.5095815658569336,-0.0015140508767217398,0.4744110107421875,0.45430952310562134,-0.015416295267641544,0.4041481018066406,0.5372006893157959,-0.028413431718945503,0.4355488419532776,0.4342736303806305,-0.059241119772195816,0.4506816267967224,0.3588434159755707,-0.07938338816165924,0.45644915103912354,0.2941076159477234,-0.09410957992076874,0.40245935320854187,0.5558952689170837,-0.055688586086034775,0.4375765025615692,0.42552563548088074,-0.08871134370565414,0.45158857107162476,0.3360602855682373,-0.10886859148740768,0.45513588190078735,0.25662991404533386,-0.1227254793047905,0.4160500168800354,0.5884091854095459,-0.0810358077287674,0.44939517974853516,0.46430784463882446,-0.11051108688116074,0.46330904960632324,0.3853570222854614,-0.1251586228609085,0.46619999408721924,0.31762003898620605,-0.134579136967659,0.4444179832935333,0.6294402480125427,-0.10488571971654892,0.4699195921421051,0.5444391965866089,-0.12984596192836761,0.4801718592643738,0.480615496635437,-0.14122413098812103,0.4876217842102051,0.42426568269729614,-0.1492440402507782,open_palm
0.5165867805480957,0.7761406302452087,4.706697893652745e-07,0.4863947331905365,0.7348154187202454,-0.09047453105449677,0.48999443650245667,0.6641601920127869,-0.13131463527679443,0.5035809874534607,0.5795093178749084,-0.15311703085899353,0.5201919078826904,0.5070886611938477,-0.1714065968990326,0.5800214409828186,0.5918753743171692,-0.10952216386795044,0.5751188397407532,0.4569430947303772,-0.14108408987522125,0.5806828737258911,0.3818882703781128,-0.16263221204280853,0.5976389646530151,0.322620689868927,-0.1756068766117096,0.6023536324501038,0.5798743963241577,-0.06766494363546371,0.6031022071838379,0.4450034499168396,-0.09961285442113876,0.6152389645576477,0.36074596643447876,-0.11987266689538956,0.6335709691047668,0.297687292098999,-0.13391438126564026,0.6076344847679138,0.574509859085083,-0.02926226146519184,0.6204590797424316,0.45978844165802,-0.05887444689869881,0.6389187574386597,0.3877643346786499,-0.08061618357896805,0.6592270731925964,0.3366577625274658,-0.0929117351770401,0.6031971573829651,0.5691403746604919,0.003908863756805658,0.6236773133277893,0.47833651304244995,-0.017923377454280853,0.6428804397583008,0.4221939742565155,-0.033700574189424515,0.6647272706031799,0.38122880458831787,-0.043992504477500916,open_palm
0.5114461183547974,0.7831677794456482,5.025491986998532e-07,0.4821218252182007,0.7306505441665649,-0.08157406002283096,0.4943319261074066,0.6573906540870667,-0.11605238169431686,0.5213315486907959,0.5800895094871521,-0.13302329182624817,0.5456094741821289,0.513688325881958,-0.14571994543075562,0.5870979428291321,0.5865625739097595,-0.09161433577537537,0.5945287346839905,0.45168405771255493,-0.1165744736790657,0.6129764318466187,0.38332411646842957,-0.1327802687883377,0.6397431492805481,0.3331703543663025,-0.14186541736125946,0.609876811504364,0.5858924388885498,-0.05414195731282234,0.6193661093711853,0.45091331005096436,-0.08205891400575638,0.6379235982894897,0.3765549659729004,-0.09740814566612244,0.6638132333755493,0.3277431130409241,-0.1058369055390358,0.6147754788398743,0.5864222645759583,-0.020381154492497444,0.6266352534294128,0.46795031428337097,-0.04501423239707947,0.6447827816009521,0.39759692549705505,-0.058783844113349915,0.6684964895248413,0.35266566276550293,-0.06464211642742157,0.6087587475776672,0.5822298526763916,0.007860937155783176,0.6224392652511597,0.48653721809387207,-0.01052615325897932,0.6350954174995422,0.43136459589004517,-0.020544152706861496,0.6537228226661682,0.3947736620903015,-0.025065597146749496,open_palm
0.44997385144233704,0.7648075819015503,6.013928555148595e-07,0.41576889157295227,0.6664601564407349,-0.013467315584421158,0.41637498140335083,0.5681268572807312,-0.03425150737166405,0.4396480917930603,0.4931587874889374,-0.05153064802289009,0.4538652300834656,0.43224823474884033,-0.07069078832864761,0.4444914162158966,0.5678579211235046,-0.08174706995487213,0.4960253834724426,0.44804859161376953,-0.11676632612943649,0.5234220027923584,0.3787226676940918,-0.13192279636859894,0.5434908866882324,0.32056954503059387,-0.13946616649627686,0.48673292994499207,0.6096259951591492,-0.09075544029474258,0.5417210459709167,0.47859063744544983,-0.12762735784053802,0.5730683207511902,0.3974740207195282,-0.1424524486064911,0.5939897894859314,0.33014389872550964,-0.15080833435058594,0.5290814638137817,0.6536099910736084,-0.09630461782217026,0.578296422958374,0.5316644310951233,-0.12789864838123322,0.603367030620575,0.4562109708786011,-0.13827930390834808,0.6184636354446411,0.39192456007003784,-0.14274439215660095,0.5664212703704834,0.6956462860107422,-0.1006089597940445,0.6064087152481079,0.5970492362976074,-0.1255957931280136,0.6268848180770874,0.537743866443634,-0.1318339705467224,0.6438301801681519,0.4852617681026459,-0.13361358642578125,open_palm
0.4065580666065216,0.8061937689781189,5.369177529246372e-07,0.48035717010498047,0.7583432197570801,-0.05023657903075218,0.514167308807373,0.6704052686691284,-0.08555590361356735,0.5266086459159851,0.5931071639060974,-0.1147376075387001,0.544464111328125,0.5119437575340271,-0.14841637015342712,0.4732772707939148,0.5798039436340332,-0.10722441971302032,0.4720746874809265,0.47042399644851685,-0.16077183187007904,0.4627811014652252,0.39596736431121826,-0.19608864188194275,0.45277827978134155,0.32563719153404236,-0.22233328223228455,0.42649251222610474,0.5891935229301453,-0.11444995552301407,0.41558873653411865,0.45545968413352966,-0.1705765277147293,0.4043370485305786,0.36587363481521606,-0.21303421258926392,0.39325249195098877,0.27671676874160767,-0.24603968858718872,0.380923330783844,0.6265643835067749,-0.12287189066410065,0.3653630316257477,0.5095162391662598,-0.17770665884017944,0.35462361574172974,0.42295560240745544,-0.2167373150587082,0.3452659845352173,0.3422221839427948,-0.24498717486858368,0.33885014057159424,0.6829953193664551,-0.13278810679912567,0.311923623085022,0.6021572947502136,-0.18560470640659332,0.29736757278442383,0.5410329103469849,-0.21664373576641083,0.28233659267425537,0.47835612297058105,-0.23938030004501343,open_palm
0.4787310063838959,0.7937133312225342,4.5883459165452223e-07,0.5454674363136292,0.7507208585739136,-0.05370977520942688,0.5764790773391724,0.6658340096473694,-0.08397448062896729,0.579291582107544,0.5882058143615723,-0.10850924253463745,0.5883781909942627,0.5123301148414612,-0.1341591477394104,0.5340234041213989,0.5454137921333313,-0.07290083914995193,0.5236201286315918,0.43939208984375,-0.11419407278299332,0.5089688897132874,0.3702455759048462,-0.14434054493904114,0.4931219220161438,0.3047415316104889,-0.16647642850875854,0.48654332756996155,0.5495985746383667,-0.07255181670188904,0.47138094902038574,0.42316579818725586,-0.11161354184150696,0.4600187838077545,0.33668053150177,-0.142495796084404,0.4483087956905365,0.2536337077617645,-0.16590209305286407,0.4435015022754669,0.5803503394126892,-0.07667666673660278,0.4264468848705292,0.4671704173088074,-0.11557308584451675,0.4190964102745056,0.38971859216690063,-0.14277775585651398,0.4127727150917053,0.317459374666214,-0.16144484281539917,0.4037701487541199,0.6303672790527344,-0.08461207896471024,0.37934771180152893,0.5447515249252319,-0.12214908003807068,0.3656356930732727,0.4837581217288971,-0.14342135190963745,0.35291242599487305,0.42447352409362793,-0.1580306738615036,open_palm
0.4451257586479187,0.8021734952926636,5.431663794297492e-07,0.5172388553619385,0.7823230028152466,-0.060570232570171356,0.5595990419387817,0.7123507857322693,-0.09741047769784927,0.5782113671302795,0.6462759375572205,-0.12711632251739502,0.6009591817855835,0.5709547996520996,-0.1593688279390335,0.5394480228424072,0.593677818775177,-0.09511400014162064,0.5503976941108704,0.49204927682876587,-0.14320015907287598,0.549504280090332,0.4219996929168701,-0.17756815254688263,0.5464889407157898,0.3550068438053131,-0.20319674909114838,0.49483993649482727,0.5878483057022095,-0.09468353539705276,0.5029694437980652,0.46239256858825684,-0.1423938274383545,0.5058920383453369,0.3773346543312073,-0.18099094927310944,0.5074400305747986,0.2927681505680084,-0.211203470826149,0.44867828488349915,0.607352614402771,-0.09816672652959824,0.45119205117225647,0.49480682611465454,-0.14527639746665955,0.4557475745677948,0.41656607389450073,-0.18113389611244202,0.4597955644130707,0.34292739629745483,-0.20697426795959473,0.40252959728240967,0.643897294998169,-0.10515642911195755,0.39676040410995483,0.5588740110397339,-0.150190532207489,0.3969523310661316,0.4976951777935028,-0.17889359593391418,0.396023154258728,0.43669283390045166,-0.20039205253124237,open_palm
0.35820189118385315,0.7797368764877319,4.4018926814715087e-07,0.4406334161758423,0.7737666964530945,-0.03879759833216667,0.5033928751945496,0.706306517124176,-0.06072245538234711,0.5410930514335632,0.6378171443939209,-0.07994507998228073,0.5836906433105469,0.5798991918563843,-0.1010277047753334,0.5110708475112915,0.5864391922950745,-0.05683864280581474,0.5511144995689392,0.4903034567832947,-0.0948556438088417,0.5719265341758728,0.4233437776565552,-0.12259405851364136,0.5891441702842712,0.35922837257385254,-0.14309647679328918,0.4717884063720703,0.5635381937026978,-0.06302085518836975,0.5146112442016602,0.44687145948410034,-0.09993098676204681,0.5423372387886047,0.3654625117778778,-0.12819567322731018,0.5647304654121399,0.28927090764045715,-0.14962244033813477,0.42520684003829956,0.5664433836936951,-0.07317379117012024,0.4575372338294983,0.4531221389770508,-0.11104199290275574,0.4805596172809601,0.3785046637058258,-0.13689005374908447,0.5008362531661987,0.30952492356300354,-0.15458938479423523,0.3735635280609131,0.5870230197906494,-0.08597435802221298,0.3917445242404938,0.4980441927909851,-0.12382669001817703,0.40795695781707764,0.43613600730895996,-0.14534717798233032,0.4233650863170624,0.3752993643283844,-0.1600954532623291,open_palm
0.2938917875289917,0.7121353149414062,3.500538809930731e-07,0.37524574995040894,0.748668372631073,-0.019527757540345192,0.4591439664363861,0.7075320482254028,-0.02710891328752041,0.5175306797027588,0.6641427874565125,-0.03581847995519638,0.5704205632209778,0.63219153881073,-0.04575864598155022,0.5032311677932739,0.5980274677276611,-0.018131917342543602,0.5701471567153931,0.5365214347839355,-0.043899476528167725,0.6093747615814209,0.4939013123512268,-0.0642172321677208,0.6437315940856934,0.45190727710723877,-0.07978153973817825,0.4805111289024353,0.559743344783783,-0.028573106974363327,0.5557296276092529,0.4830571711063385,-0.05515461787581444,0.6046496629714966,0.43032366037368774,-0.0772659108042717,0.6462646722793579,0.3777184784412384,-0.09349765628576279,0.4439980089664459,0.5398936867713928,-0.042788874357938766,0.5100817680358887,0.4604529142379761,-0.07210563868284225,0.5506365299224854,0.40734100341796875,-0.09026819467544556,0.5850352644920349,0.35655179619789124,-0.10183557122945786,0.39821743965148926,0.5332931876182556,-0.05871300771832466,0.44893530011177063,0.4712662994861603,-0.08775455504655838,0.4857843816280365,0.43003082275390625,-0.10179953277111053,0.5198807716369629,0.38770580291748047,-0.11083918064832687,open_palm
0.2715033292770386,0.6625736951828003,3.5184854141334654e-07,0.34297680854797363,0.7213895916938782,-0.02158791571855545,0.4351080656051636,0.7027824521064758,-0.024877555668354034,0.4981543719768524,0.672378659248352,-0.028952626511454582,0.5507512092590332,0.6487590074539185,-0.03311486914753914,0.4944736659526825,0.6005227565765381,-0.00793305691331625,0.5685752034187317,0.557533323764801,-0.02870616875588894,0.6133630275726318,0.5280191898345947,-0.04661301523447037,0.6534152626991272,0.4985050559043884,-0.06031839922070503,0.4801509976387024,0.5548012256622314,-0.014272463507950306,0.5627589225769043,0.5014826059341431,-0.03501107543706894,0.6192545890808105,0.46570348739624023,-0.0533689446747303,0.6685729026794434,0.42944636940956116,-0.06672914326190948,0.4509529173374176,0.5230112075805664,-0.025543520227074623,0.5267183780670166,0.4652749001979828,-0.0494469478726387,0.5742496848106384,0.4265041649341583,-0.06496812403202057,0.6154868602752686,0.3884945511817932,-0.07455544918775558,0.41060924530029297,0.5008723735809326,-0.03933879733085632,0.4690375030040741,0.45340538024902344,-0.06380242854356766,0.5114820003509521,0.4214295744895935,-0.07642295956611633,0.5518771409988403,0.38873469829559326,-0.08434650301933289,open_palm
0.5207265019416809,0.7819424867630005,4.955322197019996e-07,0.5690391063690186,0.7305139303207397,-0.058392081409692764,0.5785874128341675,0.6604358553886414,-0.10015835613012314,0.5705957412719727,0.6056029796600342,-0.133629709482193,0.563156247138977,0.5387648344039917,-0.17163413763046265,0.5240274667739868,0.6006417274475098,-0.11943767219781876,0.48767751455307007,0.5280835032463074,-0.17310737073421478,0.4562026560306549,0.47934800386428833,-0.20868007838726044,0.4247923493385315,0.4347195625305176,-0.23438166081905365,0.48603907227516174,0.6315692663192749,-0.11861380934715271,0.4343757629394531,0.5431179404258728,-0.1723770946264267,0.3968373239040375,0.4892048239707947,-0.21197712421417236,0.3594069480895996,0.43132704496383667,-0.24282002449035645,0.45514819025993347,0.6765033006668091,-0.11895611882209778,0.40699031949043274,0.6007572412490845,-0.1687743216753006,0.3723156154155731,0.5440511703491211,-0.20297448337078094,0.3415345549583435,0.492381751537323,-0.22785146534442902,0.43128761649131775,0.7313171625137329,-0.12159842252731323,0.3944130837917328,0.6731312870979309,-0.165872260928154,0.37284931540489197,0.629204511642456,-0.1921462118625641,0.35218286514282227,0.5877737402915955,-0.21202528476715088,open_palm
0.46242597699165344,0.8394574522972107,2.860203665022709e-07,0.5250967144966125,0.8026953935623169,-0.030211472883820534,0.5585715174674988,0.7236600518226624,-0.05183020979166031,0.5749315619468689,0.6531724333763123,-0.07058871537446976,0.5950167179107666,0.5886478424072266,-0.09262590855360031,0.5316414833068848,0.6401626467704773,-0.06622865796089172,0.5323915481567383,0.5408710837364197,-0.10594064742326736,0.5242048501968384,0.4767373204231262,-0.13193334639072418,0.514404296875,0.41769862174987793,-0.1502385288476944,0.49335989356040955,0.648970901966095,-0.07484859973192215,0.485080361366272,0.5344895124435425,-0.11370915174484253,0.4747263789176941,0.45885369181632996,-0.13955149054527283,0.46517834067344666,0.3862653970718384,-0.15874125063419342,0.45554426312446594,0.6809121370315552,-0.08503974229097366,0.4438830018043518,0.5743622779846191,-0.12378533184528351,0.4337295591831207,0.5027071237564087,-0.14444804191589355,0.4245026707649231,0.433154433965683,-0.15828074514865875,0.41953665018081665,0.7291334271430969,-0.09636757522821426,0.406821072101593,0.6522910594940186,-0.13458693027496338,0.40052956342697144,0.5978227257728577,-0.15207591652870178,0.3943222761154175,0.54122394323349,-0.16301986575126648,open_palm
0.3951011300086975,0.8196181654930115,3.098243155363889e-07,0.47171714901924133,0.8055011630058289,-0.028392920270562172,0.5245644450187683,0.7334297299385071,-0.04756487160921097,0.5570966601371765,0.6664527654647827,-0.06534696370363235,0.5942555665969849,0.6087853312492371,-0.08569450676441193,0.5281469225883484,0.6302759647369385,-0.05336279422044754,0.559001088142395,0.5344017148017883,-0.0908810943365097,0.5738849639892578,0.47023504972457886,-0.11685480922460556,0.5845416784286499,0.4090192914009094,-0.13593657314777374,0.49314016103744507,0.6185442805290222,-0.06392794102430344,0.5234611630439758,0.5026950240135193,-0.10132278501987457,0.5416579246520996,0.42528945207595825,-0.12828965485095978,0.5559026002883911,0.3513323664665222,-0.14841657876968384,0.45129966735839844,0.6303473711013794,-0.07721203565597534,0.4738920331001282,0.5186039805412292,-0.11597200483083725,0.48844340443611145,0.44401389360427856,-0.13984261453151703,0.5005402565002441,0.37274014949798584,-0.15597395598888397,0.4051802158355713,0.6591405272483826,-0.09185191988945007,0.4190003275871277,0.5756299495697021,-0.13029903173446655,0.43225201964378357,0.517102837562561,-0.15039628744125366,0.44427013397216797,0.4580480456352234,-0.1639421284198761,open_palm
0.4103533625602722,0.8002848625183105,3.920720814676315e-07,0.4904108941555023,0.7904542684555054,-0.023649564012885094,0.5450812578201294,0.7163376808166504,-0.03920213505625725,0.5836580991744995,0.6516661047935486,-0.0540049783885479,0.6220389008522034,0.5971898436546326,-0.07149720191955566,0.550537109375,0.6160422563552856,-0.04900626838207245,0.5888854265213013,0.5199706554412842,-0.08237914741039276,0.6092953085899353,0.4557732343673706,-0.10473645478487015,0.6249964833259583,0.3956031799316406,-0.12133800983428955,0.5165791511535645,0.5996516346931458,-0.05988628417253494,0.5572444796562195,0.48525768518447876,-0.09586069732904434,0.5826400518417358,0.40785497426986694,-0.12269521504640579,0.6020473837852478,0.3359232544898987,-0.14253094792366028,0.47514113783836365,0.6071271300315857,-0.07233483344316483,0.5059221982955933,0.49475064873695374,-0.10862264037132263,0.5246483087539673,0.4209282398223877,-0.13236334919929504,0.538926362991333,0.3545893132686615,-0.14820708334445953,0.430091917514801,0.6309759020805359,-0.08560347557067871,0.4497464895248413,0.5448874831199646,-0.12092474848031998,0.4666997492313385,0.48603782057762146,-0.13996723294258118,0.48128366470336914,0.42887699604034424,-0.15289750695228577,open_palm
0.2972400486469269,0.6765246391296387,3.1127788702178805e-07,0.3635175824165344,0.7554283142089844,-0.013456436805427074,0.4541669487953186,0.75929856300354,-0.012219532392919064,0.5184258222579956,0.7438474893569946,-0.013809054158627987,0.5718744993209839,0.7326195240020752,-0.015792086720466614,0.524596631526947,0.6722610592842102,0.006450189743191004,0.600290060043335,0.6453512907028198,-0.010925093665719032,0.6453626155853271,0.6269961595535278,-0.027321889996528625,0.6850264072418213,0.6077408194541931,-0.039922986179590225,0.5187670588493347,0.6237595081329346,-0.003340673167258501,0.6064621210098267,0.5915870070457458,-0.021273495629429817,0.6666370034217834,0.5707818865776062,-0.03931374475359917,0.7184248566627502,0.5474265813827515,-0.05235353484749794,0.49646905064582825,0.5837135910987854,-0.018117139115929604,0.575298011302948,0.5436549782752991,-0.04020007327198982,0.6257700324058533,0.5151323080062866,-0.05644669756293297,0.668811023235321,0.4867442846298218,-0.06651943176984787,0.46166202425956726,0.5490431785583496,-0.034864768385887146,0.5234208703041077,0.5132415294647217,-0.057928916066884995,0.5668743848800659,0.4894515872001648,-0.0702345222234726,0.6084906458854675,0.464659720659256,-0.07804389297962189,open_palm
